image,preset,entropy,contrast,sharpness,colorfulness,brightness,entropy_improvement,contrast_improvement,sharpness_improvement,colorfulness_improvement
low00690,baseline,5.410379,27.52416731331935,158.9976290165104,20.940964006124148,113.27124166666667,0.0,0.0,0.0,0.0
low00690,minimal,5.6315346,30.198441148116117,187.43956227039928,22.851991556695356,124.13215416666667,4.0876184,9.716093512854965,17.888275082979675,9.12578594763991
low00690,balanced,7.0761547,63.78821322366181,2189.1178499243747,43.042523906001534,168.6822875,30.788523,131.75347140399685,1276.8242101881,105.54222763294862
low00690,aggressive,4.717139,60.51864864282753,4681.29517967493,44.405298061633566,215.9761125,-12.813154,119.8745849562601,2844.2547090993553,112.049923053434
low00690,illumination_only,5.865185,30.444710127766577,198.40510401651042,23.629079531048763,126.88272083333334,8.406174,10.61083076992463,24.7849450609782,12.836636957775587
low00690,output_only,6.7246118,62.78289220735201,2376.14365403526,41.371421527404266,169.09147083333335,24.290956,128.10096847860117,1394.4522561330273,97.56216340043021
low00691,baseline,5.3778863,27.447449014029708,159.96736597222224,20.754793739097728,113.4013375,0.0,0.0,0.0,0.0
low00691,minimal,5.605969,30.114501478615843,188.47728654123262,22.6561522027907,124.27916666666667,4.241121,9.716941138037551,17.82233544681921,9.161056898923583
low00691,balanced,7.064418,63.575633426507025,2194.4193246510417,42.75088472095402,168.86104166666667,31.360493,131.62674751307662,1271.7918722448019,105.98077368709386
low00691,aggressive,4.7052794,60.46677490702582,4712.077289936648,44.03673821416241,216.2178375,-12.506903,120.30016296275238,2845.649108678131,112.1762266960347
low00691,illumination_only,5.8442783,30.36644073251999,199.3869991749306,23.44180484323157,127.02780416666667,8.672404,10.63483792974074,24.642296860444294,12.946460166800259
low00691,output_only,6.6708975,62.521157052730736,2382.011249026667,40.97996293817836,169.07656666666668,24.043112,127.78494650185222,1389.0607434520707,97.44818210831268
low00692,baseline,6.3417964,31.117196633183024,225.7813049132639,25.28235933286049,108.4589875,0.0,0.0,0.0,0.0
low00692,minimal,6.495655,34.03480350845844,269.48631644914934,27.687076269502267,118.631625,2.4261053,9.376188059833487,19.357232235270825,9.511441970197259
low00692,balanced,7.51281,69.16836684657387,2770.9276635687324,47.79788733328198,168.15166666666667,18.46502,122.283413451241,1127.2617808782759,89.0562771614323
low00692,aggressive,4.1669445,75.17682309549329,5991.823818301234,47.85499754637785,210.4298625,-34.29394,141.59253155641142,2553.817516292171,89.2821667326704
low00692,illumination_only,6.547691,35.41115592168047,292.986164040816,28.739209905928618,123.70282083333333,3.246627,13.799312769449207,29.765466699454805,13.672974612678338
low00692,output_only,7.488242,67.32675136600555,3018.857305239149,46.18279273644342,165.01959166666666,18.077618,116.36509278027015,1237.0714224540745,82.66804979872981
low00693,baseline,6.345599,30.3527297773539,202.82181583159723,25.47349118824449,108.06885416666667,0.0,0.0,0.0,0.0
low00693,minimal,6.496012,33.200931853350646,242.04233379998269,27.88009415135685,118.19845,2.370352,9.383676845177142,19.33742571408108,9.447479912855282
low00693,balanced,7.5294733,68.6221521164383,2561.72873021651,48.50100388508976,167.86590833333332,18.656618,126.08230831230583,1163.043977647607,90.39794556103878
low00693,aggressive,4.16248,74.78384948062156,5599.337106213263,47.50359884197699,211.1198375,-34.403675,146.38261543255857,2660.7173731559465,86.48248287183719
low00693,illumination_only,6.548916,34.544370789439256,262.55388034567704,28.908139487879833,123.23364166666667,3.2040582,13.809766181929142,29.450512642917708,13.483225657032685
low00693,output_only,7.49716,66.72205294353532,2792.019058333333,47.35973999439121,164.45040833333334,18.147392,119.82224805795386,1276.5871520702406,85.91774344714395
low00694,baseline,6.116622,30.506108821230548,186.69548677039927,15.490586387145417,111.6019375,0.0,0.0,0.0,0.0
low00694,minimal,6.263158,33.340840135634416,222.52058231659728,16.956910399394445,122.03634166666667,2.3956993,9.29233987532049,19.189052807825085,9.465903843806915
low00694,balanced,7.392137,68.68836213122569,2380.0612124873433,29.63626715019969,172.37285416666666,20.85326,125.16264704144248,1174.8359661282952,91.31791663350337
low00694,aggressive,3.9663048,72.53412933609637,5077.584840791597,30.564637617439796,213.98156666666668,-35.155304,137.76919488865346,2619.714830083752,97.31104332372665
low00694,illumination_only,6.382128,34.76731069617215,241.93018199159724,17.640031224500625,127.33215,4.340726,13.968355977200368,29.5854474988602,13.875813243189336
low00694,output_only,7.339039,66.79977333225017,2610.5372249799298,29.05168870817758,168.8826,19.985163,118.97179257998731,1298.2861986323242,87.54415089338127
low00695,baseline,6.119216,30.517326902532627,185.15219927749996,15.454630264286157,111.559375,0.0,0.0,0.0,0.0
low00695,minimal,6.2638693,33.35601094802204,220.82659921972223,16.920505333038797,121.98937916666667,2.363919,9.301876453844422,19.267607990307834,9.485021923430322
low00695,balanced,7.396559,68.63699129235188,2349.1228123685933,29.577212047595626,172.29331666666667,20.874289,124.9115445516157,1168.75231379121,91.38091006903674
low00695,aggressive,3.976646,72.51817291063713,5087.8945753455555,30.464875110639284,213.87034583333335,-35.0138,137.6295051733999,2647.9525467153585,97.12458072219331
low00695,illumination_only,6.386712,34.78240485855121,240.18528628081597,17.60579207758732,127.30435,4.3714113,13.975922496883648,29.723161387261865,13.919205937085707
low00695,output_only,7.3370304,66.7968703170539,2579.65042420493,29.067358706111204,168.95359583333334,19.901478,118.88178650244245,1293.2594018711252,88.0818771399693
low00696,baseline,6.691759,32.334415607701914,150.09019583331605,31.36134628824061,95.08190833333333,0.0,0.0,0.0,0.0
low00696,minimal,6.839458,35.37609056293035,178.86804166666667,34.28527836058504,104.00199583333334,2.2071757,9.406927257110915,19.173701302455566,9.323362732807164
low00696,balanced,7.859453,69.76548473767896,1852.3216736582642,60.31072639596363,142.39532916666667,17.449734,115.76231834250666,1134.1390211225894,92.30911148281285
low00696,aggressive,5.649496,72.89416607071087,4344.917999374931,55.96031263983502,202.764675,-15.575322,125.43832848288064,2794.8712973898823,78.43721416008898
low00696,illumination_only,6.9034758,36.6298388115138,192.99616249373253,35.799251872037544,108.32790416666667,3.1638412,13.284369372640633,28.586788378946533,14.150877143501297
low00696,output_only,7.830492,68.16481727808657,2053.326402487483,57.94946520098567,139.95544166666667,17.016945,110.81196612642665,1268.0616452575105,84.77990284082497
low00697,baseline,6.691122,32.32842436880237,149.1397316863889,31.511018302693063,95.131825,0.0,0.0,0.0,0.0
low00697,minimal,6.838495,35.36965525116677,177.57469388498268,34.44744871547325,104.05638333333333,2.2025113,9.40729695846005,19.06598723027532,9.318741732091935
low00697,balanced,7.862042,69.97798609016553,1854.626821641042,60.435629932998744,142.40345416666668,17.499605,116.45962479289838,1143.5497909711626,91.79205620223851
low00697,aggressive,5.6453347,72.9223024135867,4364.077311491042,56.02768168952223,202.7008375,-15.629477,125.56714048816534,2826.1667981727537,77.80346274856458
low00697,illumination_only,6.9024897,36.62618266398232,191.83509789750002,35.97194794817388,108.38612083333334,3.1589262,13.294054316261029,28.62776117962379,14.156729568779324
low00697,output_only,7.832914,68.39295937988902,2057.424466070816,58.15289428036931,140.13277083333332,17.064281,111.55673595366966,1279.5280726380606,84.54781029846731
low00698,baseline,6.1858954,25.95650329537666,80.68179142493057,32.46251873829279,106.39562083333334,0.0,0.0,0.0,0.0
low00698,minimal,6.3119745,28.363216924328423,95.86924982638887,35.520618854509856,116.4092125,2.03817,9.272102646354698,18.823898345873115,9.420403083540547
low00698,balanced,7.4701824,61.78652355567998,1156.7486682482636,67.12377157475089,167.79085833333335,20.761538,138.03870210316546,1333.717134707584,106.77314695107647
low00698,aggressive,4.7391777,65.23257046900005,2755.884948012222,60.18594584426454,213.30008333333333,-23.387362,151.3149391760299,3315.745857076566,85.40134340613929
low00698,illumination_only,6.3652983,29.008407215260704,103.66708315270833,37.02226880678669,120.80418333333333,2.9001918,11.757762149833354,28.488821730196907,14.046199265232046
low00698,output_only,7.41434,61.84959576116665,1290.4038059565971,65.04808870749739,166.77071666666666,19.858799,138.28169402225768,1499.3742617344315,100.37905632617054
low00699,baseline,6.1874723,25.985950201462696,80.80018241493056,32.35128197254991,106.50504583333333,0.0,0.0,0.0,0.0
low00699,minimal,6.3160295,28.3976511641368,95.9573676915104,35.4017727391834,116.5344,2.0777016,9.280788056533542,18.758850318856503,9.429273217740896
low00699,balanced,7.4597282,61.5271703176835,1149.9383804998436,66.90433795239544,167.85982083333334,20.561804,136.7709082818925,1323.1878519711777,106.8058323288821
low00699,aggressive,4.7243853,64.996995112458,2761.4618241597227,60.0784264853025,213.61986666666667,-23.645956,150.1236037495348,3317.643056767963,85.70647845201032
low00699,illumination_only,6.3584833,29.027763176002146,103.71734549305556,36.89061523293912,120.90774583333334,2.7638261,11.705606110059554,28.362761559669796,14.031386033607058
low00699,output_only,7.413391,61.67021992650354,1284.8154531228993,64.96258299949385,167.11399583333332,19.812918,137.3213965561754,1490.1145451937573,100.80373647824727
low00700,baseline,4.990656,26.267033466162157,99.67215736416667,38.46724107475826,122.57650416666667,0.0,0.0,0.0,0.0
low00700,minimal,5.100718,28.804015943532256,118.88008855305554,42.10036496620336,134.3955625,2.2053638,9.658427856492827,19.271110104208862,9.444721768281706
low00700,balanced,6.7050123,63.799998788570505,1621.657313270399,86.34315542451573,188.28189166666667,34.351326,142.89000457839762,1526.9912843818954,124.45892404062495
low00700,aggressive,3.6710832,66.44082848619682,3157.2786631062327,88.52831564405913,217.08063333333334,-26.440868,152.94378435154292,3067.663614995969,130.1394983643637
low00700,illumination_only,5.6005754,28.7954969121545,121.50544352276039,43.27897311611275,136.10822083333332,12.2212305,9.62599544881828,21.905100417183355,12.508648675903844
low00700,output_only,6.1408696,63.34717087760587,1806.1564944602605,82.65349391270898,186.03594166666667,23.047346,141.1660645242306,1712.0973220848487,114.86722625123538
low00701,baseline,4.9971433,26.26287894262249,100.43963328270834,38.43221797855474,122.5722125,0.0,0.0,0.0,0.0
low00701,minimal,5.1101694,28.805383953626034,119.63902078817705,42.0637602964219,134.38869583333334,2.261815,9.68098362924435,19.11535006447905,9.449213469525922
low00701,balanced,6.703149,63.731900420475455,1617.6556581455548,86.14417295186894,188.09932083333334,34.139618,142.66913219876983,1510.5750342519916,124.1457232573399
low00701,aggressive,3.6717286,66.51762565265233,3159.293508248264,88.38933743172718,217.01268333333334,-26.523447,153.27621468299768,3045.4649972245243,129.98760436113426
low00701,illumination_only,5.602504,28.78862423705277,122.44160410206601,43.240514961285825,136.11093333333332,12.114132,9.617168399353215,21.90566621985618,12.511109781418616
low00701,output_only,6.1554604,63.24513204048996,1798.6679318732633,82.73814838891984,186.1063125,23.179585,140.81568581519187,1690.795001023686,115.28330328238643
low00702,baseline,6.014802,22.758047636127838,112.77211236248267,26.25736609490044,111.52584166666666,0.0,0.0,0.0,0.0
low00702,minimal,6.1470814,24.889592195528678,134.6719913997222,28.702720532433375,122.02858333333333,2.1992311,9.366113444709843,19.419587501249325,9.313022596001574
low00702,balanced,7.345425,58.1248390339526,1726.6485773553993,50.09169495604101,175.06304583333332,22.122477,155.40345096070916,1431.0953578713184,90.77197147268149
low00702,aggressive,4.1846995,65.1906546480099,4256.785837439565,43.76930232611299,222.3656625,-30.426645,186.4509983032171,3674.679526935707,66.6934229728915
low00702,illumination_only,6.2354946,25.958890978667476,140.3973081232639,29.637855853425286,126.1580875,3.6691587,14.06466579961973,24.496478058321504,12.874443484951772
low00702,output_only,7.293769,56.35161110309918,1947.4113269540105,48.985723580833294,170.71229166666666,21.263657,147.61179871001937,1626.8554132376796,86.55992914059658
low00703,baseline,6.015859,22.781156636141176,112.69279804000003,26.186563492598786,111.48167916666667,0.0,0.0,0.0,0.0
low00703,minimal,6.1480083,24.9112793139306,134.5065230863889,28.625125537873522,121.9781,2.1966808,9.35037106241607,19.356804894174477,9.312264459458213
low00703,balanced,7.3435955,58.09241374961679,1719.710942412761,49.925179643498986,175.0629,22.070602,155.0020382084378,1426.0167218515185,90.65189541808164
low00703,aggressive,4.1733284,65.19201092850523,4241.4618117798445,43.47085684769372,222.3236875,-30.627892,186.16637851074395,3663.7381319384303,66.00443528980067
low00703,illumination_only,6.2352524,25.97930798178586,140.24233521234373,29.560783745365306,126.10429583333334,3.6469147,14.03858195931533,24.446581903632445,12.885311406822012
low00703,output_only,7.2918034,56.35335470811179,1940.6252116453998,48.809143130864214,170.88684166666667,21.209677,147.36827724853083,1622.0490088076253,86.39002840009663
low00704,baseline,6.016844,22.78500299568067,112.07491248539928,26.2818469099197,111.2832125,0.0,0.0,0.0,0.0
low00704,minimal,6.1462364,24.913959885445625,133.78215414998263,28.72573629019966,121.7558375,2.1505065,9.343676145965564,19.368510921131694,9.29877336496298
low00704,balanced,7.345709,58.298654029083394,1720.9249452391496,50.412405276288105,174.8175375,22.08575,155.86414906390405,1435.513084128748,91.81454579305337
low00704,aggressive,4.191037,65.42625708185547,4271.383079442708,43.67565809275391,222.067275,-30.344925,187.14614211048493,3711.1857370392045,66.18184499152977
low00704,illumination_only,6.2338037,25.991442886353305,139.52873747081597,29.687055225062167,125.93537916666666,3.6058764,14.072589287262657,24.495959333444294,12.95650312100867
low00704,output_only,7.2935467,56.51861457677204,1940.9514078077084,49.07750904470199,170.547325,21.218815,148.05181981975693,1631.8339713721111,86.73538892800718
low00705,baseline,6.0417433,20.307970207311257,57.49073746416669,16.49618499113048,112.656725,0.0,0.0,0.0,0.0
low00705,minimal,6.166982,22.184661201529913,68.33275319555555,18.027037658192228,123.1852,2.0728934,9.241154950793709,18.858717437998713,9.280040614753306
low00705,balanced,7.489181,57.01418808901807,1148.3707977708334,35.677365340837895,176.18634166666666,23.957287,180.74784189161295,1897.4883753867302,116.2764624670527
low00705,aggressive,4.3968263,61.153616775393175,2914.3490090122223,30.737403277202173,223.12352916666666,-27.225866,201.1311133073098,4969.249652309126,86.33037453040677
low00705,illumination_only,6.2355003,23.246922982972016,74.82802733083335,18.885782615923947,129.08544583333332,3.2069728,14.47191790050332,30.15666632815902,14.485759138117595
low00705,output_only,7.4757943,56.356734820367876,1298.9801049375003,34.65956635772218,175.65760833333334,23.735716,177.51042691641518,2159.4598055854467,110.10655722130673
low00706,baseline,5.9294353,20.20278875164844,52.708091641597214,16.174841400771747,111.48874583333334,0.0,0.0,0.0,0.0
low00706,minimal,6.0565367,22.077521105467063,62.616574982222225,17.67674121588494,121.9164875,2.143567,9.279572126722623,18.798789772167048,9.285406749283704
low00706,balanced,7.381562,57.11270144794836,1054.0010874648437,38.71426680597266,173.67930416666667,24.49014,182.69711746250016,1899.695027154097,139.34866405630103
low00706,aggressive,4.262053,63.53780897852552,2742.6873223849825,30.717504317805837,223.06249166666666,-28.120422,214.50018984800386,5103.541310193166,89.9091530896879
low00706,illumination_only,6.1253037,23.13636918535907,68.56424582942708,18.504274723122357,127.75662083333333,3.3033245,14.520670733990935,30.08296011862473,14.401583697998216
low00706,output_only,7.3747478,56.62777288058335,1203.396487467899,37.90585432928338,173.23104166666667,24.375214,180.2968123693459,2183.1342399013715,134.3507017476832
low00707,baseline,6.021255,20.13948239845056,58.205520816649305,16.641684379224785,112.62835,0.0,0.0,0.0,0.0
low00707,minimal,6.1474843,22.002892103415995,69.23598749609376,18.187678444188165,123.14942083333334,2.096395,9.25252033840153,18.950894218765,9.289889350944398
low00707,balanced,7.4725375,56.74437822850763,1161.7792583333332,36.38442663688283,175.95720833333334,24.102657,181.7568848386753,1895.9949538000078,118.63427888528261
low00707,aggressive,4.403866,61.2108956912378,2933.9734529775,31.071134450204987,223.3778375,-26.86133,203.93480070742575,4940.713340955548,86.70666828048788
low00707,illumination_only,6.215447,23.05486476896493,75.75443332493057,19.051227420577888,129.0451625,3.2251072,14.475954807749503,30.149910630576333,14.478961302505766
low00707,output_only,7.4585543,56.08747702013356,1312.2947124648438,35.428451198612215,175.4589125,23.870426,178.49512668929702,2154.5880425993378,112.889815665778
low00708,baseline,6.086523,28.64579582952091,40.75335392081597,41.95187579693001,111.20854166666666,0.0,0.0,0.0,0.0
low00708,minimal,6.250716,31.366703923763513,48.35869137326389,45.914453217489886,121.907525,2.6976511,9.498455237325166,18.661868829802668,9.445530969201265
low00708,balanced,7.4135494,65.36667778163205,527.6199164410416,84.84282130932245,167.148725,21.8027,128.1894284615003,1194.666243829184,102.23844511746753
low00708,aggressive,4.645584,67.27771047867975,1408.9082635583165,86.9587509095786,211.18611666666666,-23.674253,134.8606786108094,3357.1590507515884,107.28215188876521
low00708,illumination_only,6.428546,32.20253136362001,45.962141296597224,46.679711439062835,123.79390833333333,5.619348,12.416256665607134,12.781248350508681,11.269664472258953
low00708,output_only,7.199094,63.69883790802666,648.5630164330557,81.98403361113273,161.64168333333333,18.27925,122.36714346187534,1491.4347017750194,95.42399965136296
low00709,baseline,5.9962316,28.743352291238818,40.83189941222222,42.63358348878552,111.72444166666666,0.0,0.0,0.0,0.0
low00709,minimal,6.167537,31.488643638662946,48.45909133604167,46.65397257460961,122.492575,2.8568885,9.551047907035231,18.679493321675857,9.430098895819135
low00709,balanced,7.3273573,65.28435530619095,524.5486426974826,85.665583398047,167.14340416666667,22.199371,127.12853617318007,1184.654033362135,100.93451309477837
low00709,aggressive,4.6459184,67.43305296703835,1404.6681877499998,88.29633930663769,211.14932083333332,-22.519363,134.60399567795866,3340.1245300127775,107.10513187300677
low00709,illumination_only,6.385068,32.371734503749295,46.09487448638889,47.43701270695047,124.39457916666667,6.484679,12.623378705957114,12.889371177749572,11.266773339446027
low00709,output_only,7.0927954,63.65329198517489,648.6784636041664,83.04920681325926,162.33325833333333,18.28755,121.45396034608278,1488.6561069701238,94.79762200872653
low00710,baseline,6.0441055,25.00545393741217,69.28385063539932,28.69501484421049,129.299775,0.0,0.0,0.0,0.0
low00710,minimal,6.1456084,26.833266959440426,86.8362534933333,32.17885400215293,144.71700833333333,1.67937,7.3096574315475795,25.334046385935,12.140921260562934
low00710,balanced,7.2492867,52.10542843703453,643.7955068965973,46.01028182567443,148.0769625,19.939775,108.37625490604053,829.2143854482327,60.342422108756885
low00710,aggressive,4.726925,59.300508568261264,2255.9131634982637,61.21809933303022,221.5649375,-21.792812,137.15029815770788,3156.04472443344,113.3405389939416
low00710,illumination_only,6.423912,28.811346713374302,82.36823707993055,30.794098309147625,139.59764166666668,6.283916,15.220250692061645,18.885189441023943,7.3151503016582184
low00710,output_only,7.05016,52.436957563641066,989.4329231766492,54.52748418140007,173.3818625,16.645216,109.70208217330925,1328.0859307076628,90.02424106569697
low00711,baseline,6.0401783,25.01400458852861,70.187183615816,28.624909932559092,129.26669166666667,0.0,0.0,0.0,0.0
low00711,minimal,6.1383705,26.85187091628683,88.12556193604165,32.09644271807703,144.66369166666667,1.6256509,7.347349446801747,25.55791156746659,12.127663610809408
low00711,balanced,7.258776,52.09782994691533,651.7625095555555,45.96194101732011,147.918925,20.174868,108.27464775794968,828.6061585304689,60.56623802697524
low00711,aggressive,4.7225275,59.30483741030307,2280.838435791042,61.01034374901082,221.60149583333333,-21.814766,137.08653766498543,3149.650888224381,113.13724267692899
low00711,illumination_only,6.4344625,28.832060562346495,83.47769930831599,30.703740708935165,139.50062916666667,6.527692,15.263673436634932,18.935815640143602,7.26231377242354
low00711,output_only,7.0524225,52.500601970675184,1002.8029033055552,54.465752910865476,173.34365833333334,16.758514,109.88483385324032,1328.7550114485337,90.27397130397256
low00712,baseline,4.692147,15.831404123958613,61.049553069982665,15.32260738224516,136.7904625,0.0,0.0,0.0,0.0
low00712,minimal,4.705662,17.2420605645033,74.40343916493055,17.006970531677805,151.3943,0.28803438,8.910494795656547,21.87384742954626,10.992666635734436
low00712,balanced,6.566742,39.47802679601144,824.4946210458162,41.70275383861683,177.59945833333333,39.95176,149.3652899446043,1250.533426675011,172.16486592836196
low00712,aggressive,3.0810342,49.01260552546076,2471.515469947483,38.247249649093824,236.5225375,-34.336365,209.59102011227827,3948.3760251517674,149.61319372714757
low00712,illumination_only,5.54198,18.540937787679383,74.5677637775,16.813154884204774,150.95185833333332,18.111816,17.11492955713429,22.143013384587874,9.72776672256684
low00712,output_only,5.7975206,38.82110344081532,1081.0965639215972,42.90902695613319,193.20037083333332,23.557955,145.21579473841498,1670.8509064469456,180.03737148452538
low00713,baseline,4.670973,15.759292408761372,60.986078772899305,15.266896665664046,136.9710125,0.0,0.0,0.0,0.0
low00713,minimal,4.6562276,17.146929504226094,74.35686921789929,16.948148848395924,151.64762083333332,-0.31567806,8.805199240374941,21.924332100101555,11.012402975865369
low00713,balanced,6.5516634,39.419055539611584,814.8422335616497,41.688413346692144,176.87272916666666,40.26336,150.13214119751072,1236.1118634893203,173.06409586469073
low00713,aggressive,3.103546,48.983420331185506,2452.8640186428993,38.35794383706004,236.47784166666668,-33.556755,210.82245992182487,3922.0064447443883,151.24912205195457
low00713,illumination_only,5.5512123,18.5950452330647,74.80661889998262,16.790672706608454,151.68328333333332,18.844887,17.994163384688463,22.661794962336263,9.980915403530902
low00713,output_only,5.7699623,38.58906933098539,1073.847482252066,43.01899069545679,192.54729166666667,23.528065,144.86549478282294,1660.8075545418685,181.7795367162502
low00714,baseline,6.681082,30.201501240273352,307.2397778499306,26.21616010797246,104.48535416666667,0.0,0.0,0.0,0.0
low00714,minimal,6.798815,32.97574233128269,369.28568122914936,28.764704448698062,114.65869583333334,1.7621847,9.185772153968024,20.19461926883853,9.721272414530981
low00714,balanced,7.7892523,63.5212524774319,3361.4389706597226,45.16337694522402,144.09939583333335,16.586693,110.32481786940791,994.0767481942383,72.27304364642487
low00714,aggressive,5.0149813,74.31445031839074,8831.406479125677,49.38788057471531,204.64902083333334,-24.937586,146.06210706934425,2774.4345998841736,88.38716414344837
low00714,illumination_only,6.8661547,32.36829302779273,362.97080257333323,28.674977177291083,113.37651666666666,2.7701037,7.174450601912423,18.1392608448715,9.37901301789382
low00714,output_only,7.7568207,64.32355868794289,3854.6441648860423,44.28576139180782,145.96124583333332,16.101269,112.98132889555892,1154.6045280532717,68.9254307626093
low00715,baseline,6.6592503,29.958596641142368,358.73266853993056,22.519502216493855,105.5336,0.0,0.0,0.0,0.0
low00715,minimal,6.7765884,32.71095752742003,431.72142189914933,24.700006294897925,115.8166875,1.7620329,9.187215673840418,20.34628004644478,9.68273657846226
low00715,balanced,7.785035,63.69669618963098,3912.6613298699835,39.68580480970118,145.85569583333333,16.90558,112.61575417773682,990.6899964797782,76.22860589091658
low00715,aggressive,4.8949785,74.57812215020351,10202.965237061093,41.70225255225649,205.2757125,-26.49355,148.93730184872817,2744.169525621389,85.18283464415435
low00715,illumination_only,6.855303,32.12268253187043,424.2646977699827,24.599019686957842,114.4523,2.9440634,7.223588997343448,18.267650252421262,9.234295902601682
low00715,output_only,7.7453957,64.47558370541634,4464.2923771699825,39.56054702849806,148.00129583333333,16.310326,115.21563402229442,1144.4621771805714,75.67238675250516
low00716,baseline,4.784984,17.176315933247523,66.09945392901042,12.232899729948974,132.84494583333333,0.0,0.0,0.0,0.0
low00716,minimal,4.938698,18.65580667133597,80.87618685331596,13.403470032298983,147.21150833333334,3.2124183,8.613551030606367,22.355302572053727,9.569033738453541
low00716,balanced,6.3462486,40.23864131082953,723.3240079666493,24.08567765456453,164.78290833333332,32.628418,134.26817175003848,994.296495616266,96.89262714707952
low00716,aggressive,3.764338,52.58326862129602,2265.0085281955553,27.97395140691507,231.410775,-21.330189,206.13822443445304,3326.667534391634,128.67800786781856
low00716,illumination_only,5.4375277,19.936827027010356,78.10012452159724,13.513974303455319,147.57844166666666,13.63732,16.071613403543772,18.15547614882766,10.47237042554986
low00716,output_only,6.041272,41.89805210965378,1112.8848493832638,26.42707133926522,184.23499166666667,26.2548,143.92921201777247,1583.6521078955982,116.03276347116311
low00717,baseline,6.298893,22.883860139904467,69.77056171234376,13.278155555586302,110.335825,0.0,0.0,0.0,0.0
low00717,minimal,6.4187946,24.971122840935006,83.56312850651041,14.536763239614954,120.97647916666666,1.9035354,9.121112820431934,19.768461734666634,9.478783997971304
low00717,balanced,7.4081516,50.688428005902544,824.2136388888887,25.515547897859822,156.77322083333334,17.610374,121.50296189545821,1081.3200562825186,92.16183897713927
low00717,aggressive,4.213759,63.017041173228016,2419.2508214277077,24.019297488049332,221.82392916666666,-33.103184,175.3776713717107,3367.4377875901428,80.89332804919644
low00717,illumination_only,6.45736,25.153401150076437,85.50854522623263,14.844201269290972,123.4985,2.5157883,9.917649366395073,22.556767679146418,11.79415098090045
low00717,output_only,7.485186,53.8609467662383,1031.5336010012327,26.54966302657626,164.92133333333334,18.833359,135.3665266128617,1378.4653809354875,99.94993216815004
low00718,baseline,5.6274824,26.471697653395044,191.20886915414937,24.379134532096298,125.2035375,0.0,0.0,0.0,0.0
low00718,minimal,5.699169,29.189906214424994,240.14774336581593,26.940130272525654,140.7729625,1.2738688,10.268357536492696,25.59445826344638,10.50486733668778
low00718,balanced,7.119442,54.557617040452826,1711.6867115555551,41.711873109793174,153.304025,26.512028,106.09791542196656,795.1921106628282,71.09661155065818
low00718,aggressive,4.058812,65.98207033715346,5834.954368339564,41.20931617134501,220.05807916666666,-27.87517,149.25515243141626,2951.6128222250622,69.03518915772408
low00718,illumination_only,6.26712,30.69039346942812,219.98145200331598,26.236085705937693,137.72967083333333,11.366317,15.936627379438285,15.04772397663763,7.616969221760642
low00718,output_only,6.5116816,54.9595371737491,2503.2544774506773,44.55369902193839,167.037175,15.712161,107.61621673591621,1209.172784988648,82.75340727654344
low00719,baseline,5.6176596,26.555254431349983,191.20440180276034,24.285706378433037,125.18327916666667,0.0,0.0,0.0,0.0
low00719,minimal,5.669427,29.271106830439646,239.99745834859374,26.83421622739177,140.7264875,0.921511,10.227175213517988,25.518793545436562,10.493867500687328
low00719,balanced,7.1466002,54.639685691455924,1705.523046289566,41.603125000741,153.2694625,27.216684,105.75847176576355,791.9894260849302,71.30704107370221
low00719,aggressive,4.063246,66.14859822500009,5844.35868087889,41.19904094022714,219.94797083333333,-27.67013,149.09796438217484,2956.6025812040257,69.6431649886619
low00719,illumination_only,6.273844,30.751401344264647,219.65047176000007,26.197542495175764,137.698575,11.68074,15.801569229029393,14.877309146148049,7.8722689262212935
low00719,output_only,6.6429715,55.147554354594,2503.2643193074823,44.40745303751254,167.03655416666666,18.251587,107.6709695896914,1209.2085201520415,82.85427792600117
low00720,baseline,6.384322,29.277909490447456,221.11132921039925,10.899522075173746,108.04795,0.0,0.0,0.0,0.0
low00720,minimal,6.5311856,31.999840395001275,263.64354421789926,11.922017485487997,118.15383333333334,2.3003767,9.296875876475767,19.235656155378784,9.381103164543587
low00720,balanced,7.6401405,67.51756824970118,2811.1106721027077,20.581798647976065,165.53711666666666,19.670347,130.6092525893293,1171.3553313352777,88.8321203996275
low00720,aggressive,4.1401124,74.01400634089423,6689.642479047068,23.481654284114878,210.70685833333334,-35.151886,152.7981253751839,2925.463463557544,115.43746709408418
low00720,illumination_only,6.5956573,33.462315437786124,283.47657260770836,12.348192696793912,123.06297916666666,3.310221,14.292024328799569,28.205358639929866,13.291138929108264
low00720,output_only,7.615249,65.73851399918922,3113.6425380099827,20.507358968891754,161.45864166666667,19.280464,124.53281379477528,1308.178653318657,88.14915761859085
low00721,baseline,6.287047,29.63787201582912,243.46075342484377,10.969890873943612,110.1648,0.0,0.0,0.0,0.0
low00721,minimal,6.4402943,32.39304036917514,290.3054602437326,11.990474627460348,120.4639125,2.4375093,9.29610719647661,19.241173848313828,9.303499599443523
low00721,balanced,7.5381994,68.1733819578143,3080.089359834011,20.56212373513742,169.102025,19.90048,130.02117669380573,1165.1276710949771,87.44146109947086
low00721,aggressive,4.0464697,74.49337447657666,7135.769357807483,23.14499847829125,211.33657083333333,-35.637993,151.3452195110058,2830.973168129249,110.98658814616591
low00721,illumination_only,6.4982924,33.881842136426236,312.2598340741494,12.433648038376733,125.469475,3.360012,14.319415774285272,28.258797231786225,13.34340679641518
low00721,output_only,7.539361,66.31637015821238,3402.624972253056,20.22521142799224,164.878075,19.918957,123.75550485808785,1297.607180782608,84.37021535038654
low00722,baseline,6.121612,26.380422311492822,398.30047451326385,17.184975193855323,116.459975,0.0,0.0,0.0,0.0
low00722,minimal,6.243814,28.89668196258174,477.040885497066,18.80145121907119,127.63719166666667,1.9962376,9.538360005680017,19.76909796053481,9.406333189202718
low00722,balanced,7.5182796,65.49884634300184,5157.392557906667,35.62482275183053,169.11595,22.815353,148.28581426638797,1194.8497147057556,107.30214824266129
low00722,aggressive,4.388383,72.20593488807135,11325.774728772898,33.6954288907234,211.95912083333334,-28.313278,173.71030696735403,2743.525291455744,96.07493470675227
low00722,illumination_only,6.4267077,29.60213601594768,491.28503592664936,19.011114421332984,129.2636,4.9839106,12.212517549619719,23.34533031300444,10.62637104143518
low00722,output_only,7.3811674,65.43317912139877,5831.972126638889,35.29542027644975,172.63201666666666,20.57555,148.03689019372646,1364.2142050585676,105.38534317506615
low00723,baseline,6.0442777,25.894644397616478,379.23032034081587,13.492625084193035,117.4224875,0.0,0.0,0.0,0.0
low00723,minimal,6.1707134,28.367611447556982,453.90289738826397,14.759132517509867,128.69624583333334,2.0918257,9.55011009986348,19.690560865581514,9.386664384535361
low00723,balanced,7.500812,64.8429327595075,5018.092622638263,28.118624749396176,170.3718875,24.09774,150.41059364953512,1223.230858262726,108.39995607925017
low00723,aggressive,4.2487016,71.47925440899101,11078.35562244,28.473018040833143,213.1671625,-29.70704,176.03875655295911,2821.2737031374063,111.02652644065559
low00723,illumination_only,6.3750544,29.078692067329943,467.0240972222223,14.910676132698224,130.31705833333334,5.4725595,12.296162947140322,23.150516235755035,10.509823252752152
low00723,output_only,7.358144,64.7765265547603,5701.446852932223,27.742767013727054,173.98664583333334,21.737354,150.15414600836448,1403.4258990178605,105.61430292929754
low00724,baseline,6.1057916,19.812333475849428,194.99177661659724,11.15105886864179,114.28049166666666,0.0,0.0,0.0,0.0
low00724,minimal,6.2498264,21.690339487507245,232.94282944859378,12.17168325554951,125.08332916666667,2.3589876,9.478974366886382,19.462899149135833,9.152712750695333
low00724,balanced,7.72906,60.76910790322099,3938.215491916233,27.126407331069434,162.23892916666668,26.585718,206.72362736724827,1919.6828606058361,143.2630627334627
low00724,aggressive,4.5768948,67.42412320217802,10449.167545277069,28.79662767923268,213.91669583333334,-25.040108,240.31389227506077,5258.773445006737,158.24119501523302
low00724,illumination_only,6.3389935,21.646420126306477,244.45981170789932,12.489055737292134,127.99355416666667,3.8193572,9.257297494476052,25.369292977194956,11.998832437455444
low00724,output_only,7.648616,61.68910061522664,4349.959050956598,26.69686605635842,163.72553333333335,25.268211,211.3671627343826,2130.8423085501236,139.4110404298325
low00725,baseline,6.1019244,19.736344607290082,196.44463594659723,11.169483915319264,114.927475,0.0,0.0,0.0,0.0
low00725,minimal,6.2440143,21.60373313684233,234.6372594215973,12.193997764682466,125.80062083333333,2.328607,9.461673712681748,19.441927386290452,9.172436767271341
low00725,balanced,7.708272,60.21243071280353,3927.64853975,27.203735826957804,162.82635,26.325262,205.0840057310443,1899.366651486334,143.554098230511
low00725,aggressive,4.5552216,66.9908269649471,10391.189748658266,28.865355924079417,214.36022916666667,-25.347788,239.42874578812567,5189.627634059234,158.43052501727286
low00725,illumination_only,6.3214836,21.518378607856157,245.3533077663888,12.499128150840544,128.481325,3.598196,9.029199864638757,24.896924054005336,11.90425847426698
low00725,output_only,7.6306567,61.43253220636757,4381.892522493055,26.828845490918383,165.07061666666667,25.05328,211.26600912549947,2130.5992227164998,140.19771812484424
low00726,baseline,5.4183936,20.054946036159357,332.8340884982639,13.604161157529704,123.89080833333334,0.0,0.0,0.0,0.0
low00726,minimal,5.638601,21.968660172248388,396.8056041770659,14.819490982202678,135.53167916666666,4.0640683,9.542354951434804,19.220241522567388,8.933515345783057
low00726,balanced,7.1128855,60.2126535125876,5717.965762321595,34.24347010694038,191.6902375,31.272957,200.2384220033468,1617.9627808319942,151.71320532311628
low00726,aggressive,4.048434,64.86473227300483,11222.090777266041,33.63918163430499,220.2579625,-25.283506,223.4350875641988,3271.677110328372,147.27126681887472
low00726,illumination_only,5.788043,22.545791420992277,414.85604299998266,15.211893861783349,138.79696666666666,6.822122,12.420105146839534,24.643495764451004,11.817948094240178
low00726,output_only,7.045605,59.03527449441642,6065.568006645401,33.5534509738436,189.1122625,30.031256,194.36765567942675,1722.399873165948,146.64108712996435
low00727,baseline,5.4347563,20.929294705855856,378.5620674423437,10.613114982100539,123.08377916666667,0.0,0.0,0.0,0.0
low00727,minimal,5.6660743,22.919024945173824,451.54982620493064,11.584160595248752,134.64325,4.256272,9.506914911763637,19.28026208640232,9.149487353957083
low00727,balanced,7.141471,61.044041647034184,6152.010370688265,25.79291022604258,190.2265875,31.403702,191.66793484901586,1525.0995278667845,143.0286515273169
low00727,aggressive,3.9706793,65.58845520277673,12094.808851566651,26.245544747002207,219.69759583333334,-26.939148,213.38110588325554,3094.934171107551,147.29351176602168
low00727,illumination_only,5.8102846,23.579484628176232,474.89312322873263,11.906780072946043,138.28672083333333,6.9097548,12.662585909208268,25.446568494626188,12.189306278385983
low00727,output_only,7.069507,59.89171363523722,6521.02859606639,25.228526175753263,187.7631625,30.079561,186.16212097429147,1622.578450641932,137.71085320664312
low00728,baseline,5.4401774,20.94765741141576,378.2653607715104,10.6002409092452,123.037625,0.0,0.0,0.0,0.0
low00728,minimal,5.6702437,22.93699003700099,451.2265509374826,11.569946607396039,134.59190416666667,4.229022,9.496683025287155,19.288361487068357,9.147959055393661
low00728,balanced,7.144416,61.02700819344123,6131.99608112993,25.675773142592377,190.1452875,31.326889,191.3309445293085,1521.0831646395284,142.21876995454667
low00728,aggressive,3.9719458,65.64223051703779,12123.7083318775,26.19406444951271,219.6823625,-26.988674,213.363108952054,3105.080239742273,147.1081994624015
low00728,illumination_only,5.8147693,23.620533214853772,474.94355577083337,11.898959046137481,138.3425125,6.8856544,12.759783831395794,25.558299814219843,12.251779445499018
low00728,output_only,7.075347,59.92511605762414,6513.1820472222225,25.160764059255165,187.70878333333334,30.057281,186.07072800878913,1621.8552695224141,137.36030411639732
low00729,baseline,4.4491763,15.046974963495687,82.43814987159722,9.288856483166109,140.08812083333333,0.0,0.0,0.0,0.0
low00729,minimal,4.552076,15.576319211751821,102.25736227039931,10.41219512231148,156.38211666666666,2.3127775,3.517944633657831,24.041311491914612,12.09340074508807
low00729,balanced,6.3175898,36.41773556663908,755.7548492632637,18.862279888179575,153.46872916666666,41.99459,142.02695661413247,816.7537729078115,103.06353018116998
low00729,aggressive,3.2952397,50.43788662105987,2740.393204166231,27.147080601208998,233.42863333333332,-25.935959,235.2028347453449,3224.180865818279,192.25427963503114
low00729,illumination_only,5.401211,18.6802459295445,95.48714572498262,10.15119806050111,152.27344166666666,21.397995,24.146188684856686,15.828831522432353,9.283613961501024
low00729,output_only,5.3562346,32.694041612220374,1124.3666643663892,20.822491905847908,171.05149166666666,20.387104,117.27982994280835,1263.8911912963397,124.16636475742553
low00730,baseline,4.4002943,15.46765111602489,86.89910811555555,8.5571382274987,139.96194583333335,0.0,0.0,0.0,0.0
low00730,minimal,4.5049324,16.061599086258763,107.91922907414933,9.607726527565719,156.262475,2.3779798,3.839936431062426,24.189110123710268,12.27733235266567
low00730,balanced,6.2768707,36.58713155035387,783.8747440887325,18.54369473989409,154.88597916666666,42.64661,136.53967416195886,802.0515412498387,116.7043963401596
low00730,aggressive,3.358044,49.87706000573853,2767.5492454374826,26.14245921731656,233.724225,-23.685925,222.46046689057133,3084.7844074041445,205.5046970411994
low00730,illumination_only,5.4124155,19.072715928490332,100.46876244359376,9.354391588040919,152.02766666666668,23.001217,23.307125208755853,15.615412657623292,9.316822275702112
low00730,output_only,5.380807,33.0510838996849,1161.0711803863885,20.034669667319793,172.0933125,22.282888,113.67875220202708,1236.11403564975,134.12815283195494
low00731,baseline,5.116062,18.59870962129002,114.07609989972222,13.738189568815034,131.54992083333335,0.0,0.0,0.0,0.0
low00731,minimal,5.244628,20.348360830746635,138.11977068317714,15.126592089757423,144.80604166666666,2.5129833,9.407379571396623,21.07686956741187,10.106153463582926
low00731,balanced,6.959399,47.77345144769489,1683.7692697912328,28.729855486963867,197.6744375,36.030388,156.86433317399838,1376.0052905659802,109.12402862877306
low00731,aggressive,3.3452785,53.41123952905353,4756.575941416666,32.209166181796725,232.80594166666666,-34.61224,187.17712473941452,4069.6516146659114,134.4498597901854
low00731,illumination_only,5.9221125,21.30406229133723,139.0055164410417,15.138719647068424,147.2544125,15.755287,14.545915954031475,21.853321215603877,10.194429704424218
low00731,output_only,6.2706966,49.39347950349665,2242.5608655288884,30.36790982601225,212.5115125,22.568813,165.5747657189923,1865.8463670306012,121.04739255415286
low00732,baseline,5.162125,19.14850805100562,128.76280829333334,13.625510356363364,131.1540625,0.0,0.0,0.0,0.0
low00732,minimal,5.280657,20.95595608694338,155.82355821083328,14.989507625047194,144.36244583333334,2.2961805,9.439106332061408,21.015967480185047,10.010614156898852
low00732,balanced,6.9634233,48.042156825712865,1811.8483827708333,26.785278611432147,198.22481666666667,34.89451,150.89242826513492,1307.120896775782,96.5818373836025
low00732,aggressive,3.2858663,53.45350957654682,4955.814345627066,30.5512568734802,232.99879583333333,-36.346634,179.15234666932503,3748.793305546173,124.22100952139527
low00732,illumination_only,5.954504,21.89197909566265,156.68092493750004,15.013674801760484,146.75849166666666,15.349859,14.32733577649643,21.6818171444092,10.18798128723906
low00732,output_only,6.2999454,49.51651194291715,2377.038503451233,28.70844620579563,212.14658333333333,22.041702,158.59201046379533,1746.0598483034976,110.69630021152388
low00733,baseline,5.5918074,18.898545652707845,97.05027212206598,27.206868743194956,127.39782916666667,0.0,0.0,0.0,0.0
low00733,minimal,5.7011495,20.61316304822499,116.9882295428993,30.07114465368815,140.132825,1.9553982,9.072747855978372,20.54394798167712,10.527767592548166
low00733,balanced,7.0276027,49.09813725447612,1436.8078717108338,57.79141392809794,178.047625,25.676765,159.798495380205,1380.477942301567,112.41479302006357
low00733,aggressive,4.9371343,55.74531892326237,3416.9280356243753,52.256483781762334,227.26037916666667,-11.70772,194.97147530648738,3420.781509326114,92.07092251228964
low00733,illumination_only,5.9562297,21.582731646242852,112.92395468331594,29.767332791773885,139.06594583333333,6.5170755,14.20313521929878,16.356144309708558,9.41109420840411
low00733,output_only,6.8036566,49.82949527979955,1924.124402012483,61.264935616335464,193.15175416666668,21.671871,163.66841235034303,1882.6058803754777,125.18186930886408
low00734,baseline,5.5619535,18.84642227788162,95.27482427151038,27.876209407328698,127.19184583333333,0.0,0.0,0.0,0.0
low00734,minimal,5.6438637,20.552937652204353,114.90740622914932,30.808347029600128,139.94292083333335,1.4726864,9.054850566123209,20.60626414979343,10.518423001588467
low00734,balanced,7.0212507,48.833659071864204,1401.359197572899,58.744750890947266,176.29394583333334,26.237133,159.1136840289096,1370.8599131910876,110.73435786252625
low00734,aggressive,5.0198708,55.662651866798676,3398.8481701735946,52.807593266667794,227.0765375,-9.746266,195.34863989609855,3467.4147878643084,89.43606175086559
low00734,illumination_only,5.9440017,21.492333393715008,110.41861074555554,30.47759335952975,138.52054166666667,6.8689556,14.039328403134963,15.894845873332708,9.331914229045585
low00734,output_only,6.7611856,49.85764306440231,1902.6075058803992,62.89467047446807,192.5181125,21.561346,164.5469910908015,1896.9677408781404,125.62131585197864
low00735,baseline,6.488817,25.613905239667513,300.62925668638894,12.722897804928312,115.8748,0.0,0.0,0.0,0.0
low00735,minimal,6.570188,27.952876481601624,365.6481806927083,14.020429645653564,127.8795125,1.2540164,9.131646346187827,21.627610274187635,10.198398671587563
low00735,balanced,7.809518,62.26698536249411,3634.2266730399997,26.537205678361072,151.86398333333332,20.353489,143.09836699974602,1108.8732524230534,108.57831356691148
low00735,aggressive,4.604018,70.24617001312131,10586.584728454425,30.109525774907166,210.5111125,-29.04688,174.25013622808717,3421.47520342578,136.6561944971688
low00735,illumination_only,6.80731,29.16428545473726,344.2110940887326,13.795559447235291,125.62892083333334,4.908335,13.861143710219464,14.496871622780025,8.43095384992777
low00735,output_only,7.693198,63.84849092963433,4942.102299417899,27.9650127990379,164.26009166666665,18.560871,149.27276935011858,1543.919275818658,119.80065569814951
low00736,baseline,6.4917316,25.635714107855904,302.7664699069271,12.67068950152548,115.86178333333334,0.0,0.0,0.0,0.0
low00736,minimal,6.5716352,27.975112916940223,368.0325238622223,13.961604736233896,127.86386666666667,1.2308519,9.125545710339408,21.55656601451228,10.188200370256073
low00736,balanced,7.817602,62.34291540925024,3640.1813541428996,26.382774123983953,151.75724166666666,20.423988,143.18774638755096,1102.3066343052853,108.21893016009598
low00736,aggressive,4.6032248,70.14992048035394,10539.201123599929,29.87276117935236,210.59012916666666,-29.09096,173.64137462766033,3380.967072357704,135.76271185365127
low00736,illumination_only,6.8186774,29.234392193285522,346.2644910660417,13.741112782491404,125.60815,5.0363417,14.037752450698559,14.366855475273157,8.44802708516416
low00736,output_only,7.694232,63.87328674168915,4960.683804016509,27.83210519421342,164.232825,18.523567,149.1574312030402,1538.4521725742827,119.65738479237922
low00737,baseline,4.178754,17.885092029431455,114.73319523914932,10.404791406428425,130.69555416666665,0.0,0.0,0.0,0.0
low00737,minimal,4.521117,19.659478315916996,137.17688682623265,11.377818138710893,143.2598875,8.192953,9.921035259788633,19.561637362492867,9.35171782186138
low00737,balanced,5.8900323,50.32900799021524,2150.8569981548435,27.85184789574778,205.21629583333333,40.951885,181.40200736677528,1774.6597213401121,167.6829049983644
low00737,aggressive,3.12233,55.01204454808057,4613.885349609375,27.58673441032858,232.4408,-25.280836,207.58603007216024,3921.4040409074414,165.13491076125356
low00737,illumination_only,4.8782625,20.38849257400508,144.66160734993053,11.750086990075593,147.6569625,16.739647,13.997135382105194,26.085224985148,12.92957764454557
low00737,output_only,5.4473014,48.85063532722235,2382.6265791937326,26.482503645693775,203.07079166666668,30.357079,173.13605793492385,1976.6671530653334,154.52219666154969
low00738,baseline,4.7506638,19.11571812790604,129.1305192812327,11.010761539733918,128.91156666666666,0.0,0.0,0.0,0.0
low00738,minimal,5.0211315,20.96429582250101,154.3998774658159,12.034112783289263,141.228,5.6932626,9.670459054825308,19.568850435387162,9.294100502153592
low00738,balanced,6.3282833,51.79966673255886,2267.6598636663884,24.57728407422345,202.55825,33.208405,170.97944417238102,1656.0990819897995,123.21148256215322
low00738,aggressive,3.2282207,56.23744916682505,4835.637682642898,24.486835947611006,231.60635416666668,-32.046955,194.1948023638564,3644.7674721352178,122.39003051012169
low00738,illumination_only,5.2676373,21.712204278353006,163.14678533664932,12.3818334375578,145.58084166666666,10.882132,13.582990359417849,26.342545700860054,12.452107811763712
low00738,output_only,6.0038815,50.3196812821767,2501.6965014655557,24.84164606656844,200.2351875,26.379845,163.23720064022928,1837.339457310726,125.6124245078216
low00739,baseline,5.7603884,21.893004069525585,52.12833976942707,28.866197078565207,111.61610833333333,0.0,0.0,0.0,0.0
low00739,minimal,5.888828,23.956622188933814,62.01107977623262,31.543585727735508,122.06492916666667,2.2297008,9.42592488840179,18.958478345020517,9.275169298828121
low00739,balanced,7.092944,58.44264589332196,924.3704410102605,62.15347955300092,176.87776666666667,23.13309,166.94667258876729,1673.2589318956168,115.3157874722383
low00739,aggressive,4.8413997,59.63614419595756,2218.378968412222,51.6609274315144,220.380325,-15.95359,172.3981780050428,4155.610246220208,78.96686318224987
low00739,illumination_only,5.953085,25.08024894514959,67.89250796416668,33.034106631533525,127.9010875,3.3452013,14.558280195364132,30.241070911652535,14.4387206310014
low00739,output_only,7.0828705,57.408995909343425,1033.586263827066,60.274587564745524,175.1023125,22.95821,162.22530141149088,1882.772266292773,108.80681788701163
low00740,baseline,5.748795,21.80278588487373,51.288360457482646,28.754859713034506,111.52712916666667,0.0,0.0,0.0,0.0
low00740,minimal,5.8793297,23.85899732454159,60.903747545555554,31.422595135957096,121.96669583333333,2.2706437,9.430957358042996,18.747698312649188,9.27751152169006
low00740,balanced,7.094981,58.809784967600415,924.9057694394272,62.099660167340794,176.80692083333332,23.416842,169.73518557736824,1703.3443868929314,115.96231310838625
low00740,aggressive,4.8360944,59.74962123598552,2206.6764585724827,51.60855850839782,220.28687916666667,-15.876383,174.04581025325953,4202.489763543499,79.47769185256637
low00740,illumination_only,5.9462576,24.974620981262323,66.6534226488889,32.90721701909182,127.797725,3.4348514,14.547843166176012,29.95818555000152,14.44054099897089
low00740,output_only,7.0822086,57.75016253871727,1034.3382820203997,60.169254465882815,175.07304166666665,23.194662,164.87515331140773,1916.7115360957034,109.24899327054705
low00741,baseline,4.8249445,13.460425067076779,48.88675343706598,20.260299126528228,128.94678333333334,0.0,0.0,0.0,0.0
low00741,minimal,4.9771485,14.732310294038873,57.96512382638888,22.211585296522976,141.0696125,3.154524,9.449071783572672,18.570205119081766,9.631082728881298
low00741,balanced,6.63406,41.84525472045039,1003.5534616332641,57.40832570784072,207.038825,37.49505,210.8761759894258,1952.8126559379355,183.3537913202475
low00741,aggressive,4.5784836,46.99650779758782,2073.6872943074827,44.66727154314234,234.39545416666667,-5.108057,249.14579267290645,4141.818383331652,120.46698947626275
low00741,illumination_only,5.1905093,15.343295194461161,60.635177984010404,22.712097795557067,144.493475,7.57656,13.988192185622324,24.03191809836315,12.101492943006592
low00741,output_only,6.388555,40.609386881165165,1100.5329874583158,56.19325441261011,206.60310416666667,32.40681,201.69468407422565,2151.188532850886,177.35648946580628
low00742,baseline,5.9829836,17.512751550638036,52.492555153055534,23.415393048803143,106.368725,0.0,0.0,0.0,0.0
low00742,minimal,6.112771,19.150083578962068,62.29132163888889,25.631871029258306,116.32995416666667,2.1692762,9.349370506340447,18.666964214758707,9.465901237854544
low00742,balanced,7.445451,49.75240210790496,935.4505354840106,49.50774765596188,167.7796,24.443777,184.09243381341952,1682.0632521249238,111.43248611191869
low00742,aggressive,4.808061,58.32694912510768,2458.4427556382634,38.869104066432335,222.96415416666667,-19.637735,233.054168880633,4583.412244784126,65.99808504354402
low00742,illumination_only,6.177873,20.001157255372732,67.43967987993058,26.726420386394015,121.31329583333333,3.2573972,14.209107561079037,28.474751673437996,14.140387610363483
low00742,output_only,7.4314704,49.4522430618104,1058.2194186997222,47.912812496648584,167.701075,24.21011,182.37848814801876,1915.9419095035698,104.6210046390727
low00743,baseline,5.0283766,13.251310744753155,56.1336326416493,35.08026950734784,120.3721125,0.0,0.0,0.0,0.0
low00743,minimal,5.1173067,14.493612793700981,66.56927749305555,38.44425858657643,131.74072083333334,1.7685654,9.374937112841566,18.590717116111506,9.589404889047316
low00743,balanced,6.691008,44.300575878009354,1214.1772553315975,89.07980321413073,194.08579166666667,33.064976,234.3108974751809,2063.0120806233344,153.93135362164836
low00743,aggressive,5.2509055,49.908888366633214,2720.4650158054,72.5435343947177,226.94808333333333,4.4254627,276.63359744540435,4746.408272153947,106.7929791118705
low00743,illumination_only,5.281905,15.445493148442809,68.17168847567707,39.593934328064776,135.2679625,5.0419574,16.55822918920257,21.445353289136563,12.866676579470148
low00743,output_only,6.510976,41.86278393744324,1362.8229957549308,85.84217577862113,190.58208333333334,29.48465,215.91428760372833,2327.818994817309,144.7021558960395
low00744,baseline,5.594455,18.73618086497167,58.32730785493056,32.188537994291295,116.81510833333333,0.0,0.0,0.0,0.0
low00744,minimal,5.713823,20.49107748085466,69.10760743083334,35.31995971260973,127.78608333333334,2.1336856,9.366351811664392,18.482422680496637,9.728375109406334
low00744,balanced,7.050783,55.6794246467495,1128.0883481465974,77.89990682041342,189.55541666666667,26.031641,197.17595623153534,1834.0655168799071,142.01132351593333
low00744,aggressive,4.9835806,59.42997429780148,2633.8251526145673,51.48361442307319,222.8085125,-10.91928,217.1936411486565,4415.595266569333,59.94393542261509
low00744,illumination_only,5.7850027,21.558154272874464,72.58559496998264,36.67283510822619,132.79321666666667,3.4060147,15.061625569481087,24.445302962575852,13.931347595626098
low00744,output_only,7.015504,54.00411425027354,1279.8145597499827,75.08261991617208,186.10154166666666,25.40103,188.23437732306073,2094.194463651723,133.25886975509152
low00745,baseline,5.1706786,16.804756745206266,157.06502068317707,37.989233041619734,118.35436666666666,0.0,0.0,0.0,0.0
low00745,minimal,5.2844496,18.411264456780255,193.07335818638893,41.785888654655004,131.08855,2.2003102,9.559839133239837,22.925752243617566,9.994030700424462
low00745,balanced,6.995558,47.110040744728536,2781.8990042327086,82.16184246256785,170.77052916666668,35.292835,180.33753453864884,1671.1766707395675,116.27665494734805
low00745,aggressive,5.108779,56.55494124820113,7646.583363753056,52.9017456961496,222.52262916666666,-1.1971284,236.54126689060243,4768.419034673114,39.25457678545975
low00745,illumination_only,5.6743283,18.705088187663375,201.06669131659723,42.308264055603544,133.64815833333333,9.740496,11.308294855259945,28.01493957217751,11.3690924195601
low00745,output_only,6.588728,47.96579165137998,3219.7955309762333,84.25647669633113,176.4522375,27.424822,185.4298480997812,1949.9761926438275,121.79041257301128
low00746,baseline,5.1828556,17.00388765768759,164.64221607888888,37.70194985103676,118.1715625,0.0,0.0,0.0,0.0
low00746,minimal,5.298085,18.632404039093874,201.86260786638886,41.46890954115437,130.796625,2.2232842,9.577317929820719,22.606833577644323,9.991418759510186
low00746,balanced,7.0041227,47.42482121519631,2896.4333095673433,81.51112164456612,170.7098,35.140224,178.90575478928892,1659.228816611353,116.19868989965425
low00746,aggressive,5.119589,56.66099538175475,7834.978661604168,51.98987139996237,222.56777916666667,-1.220693,233.22376930747293,4658.790818176312,37.89703610921521
low00746,illumination_only,5.6860647,18.917455688661796,210.42614129659728,41.99725207863587,133.36290416666668,9.709109,11.2537089723071,27.808132268926016,11.392785372030282
low00746,output_only,6.598067,48.13132764563977,3326.2317354335955,83.30434646408213,175.7848375,27.305626,183.06072478595345,1920.278768502375,120.95500840997315
low00747,baseline,5.838146,21.20016400152596,132.5973624648437,22.452547853160333,117.97524166666666,0.0,0.0,0.0,0.0
low00747,minimal,5.9725046,23.220696605218315,157.30185414998263,24.529467230224753,129.13795833333333,2.3013883,9.530740439304717,18.631208966685865,9.250261443144332
low00747,balanced,7.279745,52.797904368824774,1835.8708989149302,46.86762442875673,183.01437916666666,24.69275,149.0447921300253,1284.5455631907348,108.74078405386773
low00747,aggressive,4.234033,61.48199878294944,4073.7816416283167,43.118131654216846,223.33414166666665,-27.476412,190.0071847487786,2972.294626304065,92.0411524616691
low00747,illumination_only,6.1293516,23.756572159597212,160.8925416299305,24.855479838616947,131.04102916666668,4.9879775,12.058435764399022,21.339171940609937,10.702268629697576
low00747,output_only,7.1312456,51.88513639059681,2044.6995405988891,46.092780472646865,181.99775,22.149143,144.73931610558387,1442.0363592383007,105.28975497165693
low00748,baseline,5.8563757,21.219694003209465,134.24433134993058,22.101539017342965,118.0211875,0.0,0.0,0.0,0.0
low00748,minimal,5.994575,23.245678614122966,159.29478528734373,24.144011195005966,129.1917375,2.3598099,9.54766176461862,18.660343930735447,9.241312001215315
low00748,balanced,7.3066864,52.95183685543333,1886.150020284566,46.45326909438671,182.2162625,24.764647,149.5410011446178,1305.0127862516567,110.18115099557124
low00748,aggressive,4.2358704,61.346332960209864,4132.951445996095,42.88537187325193,223.40270833333332,-27.670788,189.10093119595064,2978.678559039381,94.03794387169144
low00748,illumination_only,6.151023,23.721779478595057,163.0302106887326,24.45277571989348,131.0322625,5.0312214,11.79133627001008,21.44290120062259,10.638339260924374
low00748,output_only,7.1605873,52.079013837178756,2097.840536041597,45.60467130374551,181.07638333333333,22.269945,145.4277325078384,1462.7032552854841,106.34160936919261
low00749,baseline,5.47206,14.925510380662493,47.628145123263884,21.45317521801708,118.47554166666667,0.0,0.0,0.0,0.0
low00749,minimal,5.6084247,16.316551457474926,56.56252800493056,23.461043983608576,129.6058625,2.4920132,9.319889513558396,18.75862026233454,9.35930809862226
low00749,balanced,7.013728,44.79252239184738,876.8601678791493,50.12100220469563,191.72257083333332,28.173447,200.10714038885138,1741.0546235000209,133.62976200652278
low00749,aggressive,4.4845243,51.59307610484182,2014.312760624566,44.38545991250614,229.9952,-18.046877,245.6704312884728,4129.2488095251865,106.89459467626861
low00749,illumination_only,5.690708,17.17732825849185,59.69583586659721,24.246164621261318,134.06612916666666,3.9957154,15.087041048504554,25.337309929037904,13.019002431391108
low00749,output_only,6.951453,43.44992829404305,975.8352454427086,49.50648329811912,189.33609583333333,27.035395,191.1118426498622,1948.8625851735378,130.76529602266967
low00750,baseline,5.509972,17.277775927690538,64.65067208159722,19.266736008604386,119.95702916666667,0.0,0.0,0.0,0.0
low00750,minimal,5.6364574,18.884538831480857,76.85507994159721,21.10190772073511,131.239325,2.2955716,9.299593364995614,18.87746479200789,9.525078411367389
low00750,balanced,6.978205,50.75635310993491,1184.8295805077084,45.9214110341418,191.08285416666666,26.646835,193.76670540442268,1732.6639806811374,138.3455662320469
low00750,aggressive,4.103709,56.12420354082182,2778.434988262222,41.43298200696614,226.61924166666665,-25.522142,224.83465334721328,4197.6119177160135,115.04930564503748
low00750,illumination_only,5.6714582,19.935650002235928,81.66674654659722,21.871020761255476,136.00740416666667,2.930798,15.383195647801523,26.320027181656506,13.517000240663673
low00750,output_only,6.959604,48.93068332717383,1312.9085659944271,44.734723203780845,188.65555,26.309237,183.20012675216023,1930.773267658181,132.18630900326156
low00751,baseline,5.6549315,21.495937339872437,60.39963166493054,24.329697559923794,112.85771666666666,0.0,0.0,0.0,0.0
low00751,minimal,5.7892313,23.51431137797574,71.85066470666669,26.663844973661025,123.43234583333333,2.374914,9.389560483875512,18.95877959200353,9.593820095742045
low00751,balanced,7.221223,62.193820394642856,1212.9669550340104,56.80132346489219,174.8737375,27.697796,189.3282549688151,1908.2356822356055,133.46497968168788
low00751,aggressive,4.700188,60.7585308194933,3260.6384789165963,49.639425654751406,216.85372916666665,-16.883377,182.65122780569968,5298.440998788078,104.02812460981077
low00751,illumination_only,5.860312,24.580034054079793,78.4000018027604,27.87150368717083,129.11951666666667,3.631882,14.347346968148806,29.80211905544004,14.5575427665042
low00751,output_only,7.1934357,60.56931711253553,1335.4041755799306,54.7888325977094,173.39456666666666,27.206415,181.7709977233073,2110.94754846874,125.19323334276997
low00752,baseline,5.3840356,14.558920137551313,41.796301853732636,20.87183012253927,117.98635833333333,0.0,0.0,0.0,0.0
low00752,minimal,5.514695,15.923479955320152,49.63053087888889,22.869937140518353,129.03649583333333,2.4267964,9.37267190750829,18.743833013199026,9.573223844043026
low00752,balanced,6.9936614,45.732242596014,894.2723793549308,48.837416425085024,193.7393125,29.89627,214.118369796249,2039.5969013824783,133.98722650749258
low00752,aggressive,4.5046296,51.307690682554096,2107.4233174074825,41.33398887144598,230.00627083333333,-16.333584,252.4141227357788,4942.12866674777,98.03720435042179
low00752,illumination_only,5.5815206,16.68304270168931,54.28549251789933,23.939867108635777,135.21188333333333,3.667973,14.589835949847144,29.881090216720548,14.699415279273321
low00752,output_only,6.9776173,45.130243044879904,983.782897124566,47.333831155574245,192.27754166666668,29.598274,209.9834508225445,2253.755843201972,126.78332890635662
low00753,baseline,5.360344,19.91156543985318,69.92832032567708,21.99269287892222,116.06936666666667,0.0,0.0,0.0,0.0
low00753,minimal,5.4764347,21.763730727289904,83.1796323988889,24.04136327715646,126.92519583333333,2.1657336,9.301957161688538,18.949850377495846,9.315232152392234
low00753,balanced,6.9016037,58.24879977012163,1450.5129831455556,51.710081385868016,177.77141666666665,28.753,192.53752019686067,1974.285463157249,135.1239189786846
low00753,aggressive,4.196093,64.13638066789784,3452.739882119722,37.72686229863121,222.50865,-21.719704,222.1061692092189,4837.541565476306,71.54271423845783
low00753,illumination_only,5.5509877,22.807511424869563,91.02515358526041,25.17470629440656,133.00626666666668,3.5565588,14.544039712819966,30.169226375421403,14.468502938691866
low00753,output_only,6.9007907,57.2937394746848,1618.7279123860937,50.00236721159652,175.85058333333333,28.737835,187.74100985556294,2214.838830458381,127.3590027691368
low00754,baseline,5.3597174,20.08282463415913,69.7808497975,22.044718302486782,115.84271666666666,0.0,0.0,0.0,0.0
low00754,minimal,5.476385,21.95272553710547,82.99766656638889,24.095850156523394,126.67630416666667,2.1767519,9.310945731039245,18.940464048866314,9.304413991106575
low00754,balanced,6.8926296,58.33850997602032,1431.3953783491493,51.61119786997944,177.66566666666668,28.600618,190.48956528152723,1951.272494535358,134.12046895676312
low00754,aggressive,4.1903644,64.52825180566785,3427.132530093334,37.53894309572527,222.2204875,-21.817438,221.31063722934135,4811.2794413348,70.28542882986464
low00754,illumination_only,5.549499,23.00347031584726,90.85821239706597,25.229366389451645,132.74627916666665,3.5408895,14.543002465501617,30.205081567122306,14.446308831288693
low00754,output_only,6.893958,57.475530373585336,1603.6450526965102,49.96530758140601,175.67609166666668,28.625404,186.19246256736454,2198.116255892836,126.65432552054708
low00755,baseline,6.269878,22.18423355864624,81.1221708303993,27.14338157529002,99.43115416666667,0.0,0.0,0.0,0.0
low00755,minimal,6.397919,24.248074166790587,96.42326666659724,29.67056567684137,108.7358125,2.0421653,9.303186439542197,18.861792873107007,9.310498378919636
low00755,balanced,7.701843,59.93897573970764,1466.9826026145658,60.511729618041336,153.9935625,22.8388,170.18727323282528,1708.3621130918214,122.93364387998065
low00755,aggressive,5.230319,67.88713731016632,3517.9044261766494,53.409763672404516,212.750575,-16.58021,206.0152478592505,4236.5511427590745,96.76901171748658
low00755,illumination_only,6.4649553,25.402073679774812,105.58492082942708,31.08352015004425,113.942025,3.1113434,14.505076826845917,30.155443017139692,14.516019545409678
low00755,output_only,7.7056456,59.71375614069115,1684.9539276965102,59.34603765677318,152.20419166666667,22.899452,169.1720495226119,1977.0572464329312,118.63907226209001
low00756,baseline,6.272345,22.15276781134393,81.79257442493055,27.33159320987231,99.06492916666667,0.0,0.0,0.0,0.0
low00756,minimal,6.4005423,24.215974168212924,97.23941179859375,29.876451999453785,108.33413333333333,2.043848,9.313537587896672,18.8853786328004,9.311051756259344
low00756,balanced,7.705414,59.840969427551464,1472.076398391597,60.43982196403938,153.56037083333334,22.847416,170.12863555996944,1699.7677768935769,121.13537802182792
low00756,aggressive,5.2375846,67.85645130274898,3551.5201914488885,53.53510659771555,212.6723125,-16.497187,206.3113913377507,4242.105889708219,95.87261593802148
low00756,illumination_only,6.467405,25.367463371707675,106.53597817498262,31.299645320637886,113.52295833333334,3.109838,14.511484920261616,30.251405979110768,14.518188092058592
low00756,output_only,7.7104006,59.65550503689158,1691.9957755577088,59.396369931842216,151.98145833333334,22.92692,169.29142915651084,1968.6422789034807,117.31762753730708
low00757,baseline,5.752997,16.2081562129804,67.47794353993056,37.83893060991399,114.898525,0.0,0.0,0.0,0.0
low00757,minimal,5.8820744,17.7320238120026,80.1434915415972,41.514987324819096,125.6703375,2.2436554,9.4018565652878,18.76990811697115,9.715012173050058
low00757,balanced,7.3122034,50.40299651500405,1376.7268560082637,82.655725501261,174.5966125,27.102509,210.97304253915388,1940.2620230914056,118.44096587551233
low00757,aggressive,5.008072,57.164288986501205,3445.9193937663895,77.94867539978418,222.40496666666667,-12.948468,252.68841338486635,5006.73445720414,106.00126415665996
low00757,illumination_only,5.9580674,18.660056971543057,86.62008291493055,43.370246103258616,131.10195416666667,3.5645854,15.127573589147906,28.36799459318508,14.618054485650282
low00757,output_only,7.275345,49.32922966563378,1526.0907585828993,80.7239132604733,173.6537875,26.461824,204.34818752627874,2161.614208322493,113.33560954104563
low00758,baseline,5.7587442,14.753778262532707,55.47670458984375,39.746329619278214,113.28747083333333,0.0,0.0,0.0,0.0
low00758,minimal,5.887287,16.130043784708,65.81804079888889,43.62114690512238,123.91660833333333,2.232134,9.328224253378718,18.640862476424658,9.748868192258836
low00758,balanced,7.363063,46.80163051511415,1155.7685241116496,81.36199234889662,169.70945833333334,27.858826,217.2179334832971,1983.34026445262,104.70315907970911
low00758,aggressive,4.935939,55.55437489785658,3019.1616580743753,80.82716074770592,222.74084166666665,-14.2879305,276.5433769527172,5342.215215189801,103.35754652550915
low00758,illumination_only,5.963379,16.93832674968662,70.86705695305557,45.54226243448544,129.14637083333332,3.55346,14.806705430171638,27.742008969345605,14.582309538327824
low00758,output_only,7.3270006,46.08380893209053,1288.340372176233,79.69596386889263,169.4551375,27.23261,212.3525927532786,2222.308763112963,100.51150542020764
low00759,baseline,6.4830914,28.947217583423555,182.88114045666669,34.085671853297775,111.75065416666666,0.0,0.0,0.0,0.0
low00759,minimal,6.5918155,31.653372066183728,218.88005715972218,37.4141587945104,122.6377625,1.6770413,9.348582380884288,19.684324262831996,9.765061858068067
low00759,balanced,7.574669,58.23037864474178,1677.431775862222,62.53900254554821,169.6267,16.837301,101.16053806182413,817.2251286674832,83.47592740642307
low00759,aggressive,4.483042,62.955598377249046,3493.2005323766675,63.07701867638738,218.12862916666666,-30.850246,117.48410946860808,1810.0933664640909,85.05435054314385
low00759,illumination_only,6.7686567,32.82594581519658,215.78192373437497,37.58451622761197,124.09826666666666,4.404772,13.39931280301758,17.990254870213946,10.264853776017572
low00759,output_only,7.409764,55.67120903870867,1888.0828367078996,61.546526066267035,166.61004166666666,14.293682,92.31972426458161,932.4098110899943,80.56421575364205
low00760,baseline,6.4854493,29.97372774859005,201.31808115770832,37.21658957872248,111.89305833333333,0.0,0.0,0.0,0.0
low00760,minimal,6.5884275,32.790030061810356,240.84385197873254,40.846690512111216,122.7950625,1.587835,9.395902761386703,19.633492726398764,9.753985989796728
low00760,balanced,7.5569263,58.92292520605823,1773.0837635530556,64.43322748465495,172.13027916666667,16.521244,96.58190566180056,780.7374644923519,73.13039215579498
low00760,aggressive,4.4721994,63.62367857154271,3629.3331881062313,64.4538670754306,218.31032916666666,-31.042566,112.26481772703609,1702.7855060187505,73.18585019482884
low00760,illumination_only,6.7810206,33.943018147571806,237.4802062308333,40.896313389501884,124.12981666666667,4.5574536,13.24256506322764,17.96268117854567,9.887321359728201
low00760,output_only,7.3786783,55.934931568078966,1971.0838303882638,62.81990942211042,167.7432875,13.772816,86.61319685440233,879.0893192768702,68.79544883936897
low00761,baseline,6.2504263,30.738357900837837,129.8084639165972,30.309737571511754,107.8184,0.0,0.0,0.0,0.0
low00761,minimal,6.394833,33.622622479388944,154.47374223914932,33.17775219435525,117.9689875,2.3103511,9.383274760010817,19.001286648303406,9.46235385930611
low00761,balanced,7.3665886,61.384728000038685,1350.819743453056,56.85678878252113,164.64227916666667,17.857378,99.70073937607941,940.6253203342477,87.58588274931505
low00761,aggressive,4.454282,71.7156952827156,2460.8947097637324,38.067251263225394,217.72787083333333,-28.736353,133.3101056148508,1795.7890999656802,25.594130181466696
low00761,illumination_only,6.5042562,34.61399640691991,161.95655831456597,33.66957695217627,120.98284166666667,4.0610023,12.608476089012012,24.765792174094397,11.08501640021603
low00761,output_only,7.257461,59.83893766023555,1499.5003464277086,56.49524424260044,162.95383333333334,16.111458,94.67187496897652,1055.1637706699523,86.39304978905707
low00762,baseline,6.2556095,30.71514263881063,128.93924465067707,31.625384097425073,107.27610416666667,0.0,0.0,0.0,0.0
low00762,minimal,6.3974867,33.59421644863145,153.37808602984373,34.62340791464242,117.37205,2.2679992,9.373467164638587,18.953764965334262,9.47980207285908
low00762,balanced,7.3726315,61.284953858194605,1337.9616462577085,59.533460235664236,164.026875,17.856327,99.52684113782034,937.6682831379399,88.24580929125041
low00762,aggressive,4.5362515,71.52993412257507,2475.9950874474825,40.49212009180125,217.32785833333332,-27.485058,132.88166024074468,1820.2804345220593,28.03676934661515
low00762,illumination_only,6.5168753,34.59378772963816,161.25386120609377,35.20721157457357,120.52274166666666,4.176503,12.627794493542746,25.06189379576687,11.325799130579187
low00762,output_only,7.2563496,59.86935694695283,1486.9954478374827,59.0592859826031,162.47420416666668,15.997483,94.91804954636254,1053.252798917862,86.74646227430858
low00763,baseline,5.0853877,11.192152859251152,33.24099768539931,14.093996363701827,125.9406125,0.0,0.0,0.0,0.0
low00763,minimal,5.215317,12.23232301185629,39.390486556232645,15.412924913223064,137.70868333333334,2.554949,9.293745052323501,18.499712099599297,9.358087766490787
low00763,balanced,7.0819426,44.16292469968898,1296.1527954382639,44.245945044669035,194.31205416666666,39.260624,294.5882910559519,3799.2596061807817,213.93469888087665
low00763,aggressive,4.3408256,55.093689323523506,4592.886484374566,49.84982317918163,225.3002375,-14.641208,392.25283121454555,13716.933317834602,253.69544515824208
low00763,illumination_only,5.284257,12.817833050642738,43.01720658604167,16.143936121258186,144.30377083333335,3.9106011,14.525178594642227,29.410094706442692,14.544772856872918
low00763,output_only,7.071872,43.953009867034105,1450.0566203845656,43.201020174312326,193.41089166666666,39.0626,292.7127373953229,4262.253606550096,206.52072740400124
low00764,baseline,5.7024717,15.285508090853753,53.841258496597234,24.770514751596618,118.47026666666666,0.0,0.0,0.0,0.0
low00764,minimal,5.8306465,16.70942275284409,63.96995244581598,27.08159828321328,129.55065833333333,2.2477057,9.31545522416983,18.81214190017285,9.329977817548984
low00764,balanced,7.439338,50.10074799764564,1530.865084706597,60.159860000195486,180.3789625,30.458134,227.76632415394786,2743.2936514724065,142.86883257570494
low00764,aggressive,4.725446,57.263223630950634,5348.559916208266,68.81975266253741,220.95975833333333,-17.13337,274.6242734660204,9833.942975248796,177.8293198695095
low00764,illumination_only,5.8979115,17.508146691539988,70.00810583159722,28.370237926460682,135.75122916666666,3.4272823,14.540822506359305,30.02687490304806,14.532290551741717
low00764,output_only,7.4269695,49.74309267574644,1730.6224489874821,59.90162058408771,179.84604583333333,30.241234,225.42649141974383,3114.305343729767,141.8263051244289
low00765,baseline,6.663703,26.981654705244736,275.09611064567713,38.39807747709056,98.24898333333333,0.0,0.0,0.0,0.0
low00765,minimal,6.791297,29.5173783481114,329.2272398488889,42.09170771386957,107.67823333333334,1.9147612,9.397954538250636,19.677169944773414,9.61931033912502
low00765,balanced,7.8785954,62.61290762714132,3321.587625999999,69.99925853996078,135.94524166666667,18.231491,132.05733047562322,1107.4280578536398,82.29886270145798
low00765,aggressive,5.764579,72.26419488077707,8523.873070192707,74.66939296755116,198.6225625,-13.49286,167.82714281318795,2998.5072999346858,94.46128002658767
low00765,illumination_only,6.833224,29.887945815439526,337.5808317766666,42.81852287363936,109.61200416666667,2.5439436,10.77135980703904,22.71377846249146,11.512152917515648
low00765,output_only,7.873499,62.86319490054361,3806.3757993537333,69.20597191691256,135.75285416666668,18.15501,132.98495065361638,1283.6530768900375,80.23290868716776
low00766,baseline,6.663011,26.929654281401685,276.78699513498265,38.48732355173177,98.33109583333334,0.0,0.0,0.0,0.0
low00766,minimal,6.790723,29.46194651498653,331.0496811663889,42.18801588610611,107.7672375,1.9167277,9.403359609164053,19.60449261893377,9.615353817472252
low00766,balanced,7.880233,62.7032283438076,3351.365864937483,70.1855485366137,136.4556875,18.268343,132.8408218263391,1110.8104513014055,82.36016968619694
low00766,aggressive,5.7657833,72.27603969180127,8560.55409560276,74.90307885354477,198.74555,-13.465801,168.38829394745323,2992.8310383325543,94.61753102385953
low00766,illumination_only,6.8309817,29.805959203711534,338.76899868456604,42.873671855746615,109.59280416666667,2.5209422,10.680808941154138,22.39339442929976,11.396864991453732
low00766,output_only,7.8711967,62.69574831127116,3808.67410225276,69.18275389115034,135.8082375,18.132729,132.81304563412263,1276.0307273090475,79.75465038030009
low00767,baseline,6.6090956,35.15504720232786,125.90713401222224,39.48364897624869,77.68404583333333,0.0,0.0,0.0,0.0
low00767,minimal,6.7361746,38.43463782231104,150.19504059555555,43.23721108754388,85.06963333333333,1.9227898,9.328932489005497,19.290333922600126,9.506624156123827
low00767,balanced,7.628808,72.65594999969174,1347.0560186649307,70.34072145443866,111.198275,15.428926,106.67288421356662,969.8806141788336,78.15152165077748
low00767,aggressive,6.3693113,71.74136489616409,3695.635272352759,80.82716402913351,184.00057916666665,-3.6280944,104.07130868939238,2835.2072075550623,104.710471612578
low00767,illumination_only,6.7549024,39.44261097758024,158.30999442706593,44.86814155311841,87.97414583333334,2.2061534,12.196154226663849,25.735523780327036,13.637271925167695
low00767,output_only,7.634536,71.35430717118575,1526.6312076210936,68.96504968402166,109.83894166666667,15.515592,102.97030682541906,1112.5057246342355,74.66736604184547
low00768,baseline,6.4951982,29.74208309056448,77.1318527603993,52.13286951023244,74.522025,0.0,0.0,0.0,0.0
low00768,minimal,6.6232653,32.49049903738928,91.79322390234374,57.109883225357166,81.6159625,1.9717183,9.240832050854959,19.00819261724233,9.546786436046567
low00768,balanced,7.609147,64.40895247698275,849.6014340788889,95.75613120947496,102.86313333333334,17.150345,116.5583099235445,1001.4923195454312,83.67707764614859
low00768,aggressive,6.6050935,66.56964734515054,2667.753792433055,111.15000138972279,181.212275,1.6919457,123.82308307876866,3358.692741013375,113.20522433146844
low00768,illumination_only,6.6565666,33.21582900743608,96.43719470493059,59.24039798928143,84.40555416666666,2.4844258,11.679564966226673,25.029013635262963,13.633487943060485
low00768,output_only,7.604294,63.53097689235158,957.1907915974999,94.06972323389353,101.4115875,17.075624,113.60634592708286,1140.9799030381087,80.44225095921466
low00769,baseline,6.396102,22.401441119935352,114.02330034789934,30.1318519352977,102.85499166666666,0.0,0.0,0.0,0.0
low00769,minimal,6.5230155,24.320977739174616,135.36528374609378,33.13154334214137,113.0448625,1.9842327,8.56880862691928,18.71721247593903,9.955217532878248
low00769,balanced,7.346444,42.90530759336463,1061.394314602066,54.30243706030762,119.47075416666667,14.858146,91.52922958685281,830.8573873617229,80.21606231476099
low00769,aggressive,5.608519,54.85614541608893,3567.5262065512325,73.48225257201538,220.7426625,-12.313482,144.87775193744875,3028.7694670003975,143.8690218238303
low00769,illumination_only,6.480409,22.803678038031983,122.90436720748261,33.49525605110821,112.13373333333334,1.3181027,1.795585006978296,7.788817577184687,11.162288076527007
low00769,output_only,7.4779425,48.01374851843581,1475.0914001082633,53.06270011671673,124.65084166666666,16.914059,114.33330231467882,1193.675411611114,76.10168877325751
low00770,baseline,6.3881536,22.315933551500425,114.07381563873263,30.41307390271939,103.11820416666667,0.0,0.0,0.0,0.0
low00770,minimal,6.5145187,24.226182599787855,135.51381090666666,33.4439818763489,113.33649166666666,1.9781176,8.560023016195945,18.794843626370554,9.965806098141567
low00770,balanced,7.340456,42.87467474820732,1066.3168761803993,54.73091921392136,119.89862083333334,14.90732,92.12583981423718,834.7604182517955,79.95852503757467
low00770,aggressive,5.6092067,54.69203885260569,3559.055327147066,74.05804654145695,220.91930833333333,-12.193616,145.08066725681948,3019.9581667527077,143.50727183428518
low00770,illumination_only,6.4742785,22.758384502352687,123.3262656766493,33.83616465952528,112.5178375,1.348197,1.9826683469512008,8.110932369632332,11.255326468331157
low00770,output_only,7.469869,47.860584422222104,1477.7867426810938,53.415838544712926,124.92547083333334,16.93315,114.46821533040534,1195.465339181068,75.6344614016038
low00771,baseline,5.6581497,18.483036917804675,96.34218669748265,22.941255850652514,117.94244166666667,0.0,0.0,0.0,0.0
low00771,minimal,5.7871604,20.202433572796718,114.87227851998264,25.078051665351055,129.04085833333335,2.2800858,9.302565712757685,19.233621799228036,9.314205938023068
low00771,balanced,7.1918373,54.122825115079685,1836.5745479012332,45.49195277841792,175.82875,27.105814,192.82430888261263,1806.3035736028419,98.29756956014245
low00771,aggressive,3.7087247,62.960943750161825,3905.7781420620663,44.42503288397602,224.474925,-34.4534,240.64176807173752,3954.0683951116107,93.646909189204
low00771,illumination_only,5.860383,20.866844096536244,120.8724951866493,25.910165253124894,133.15109583333333,3.5741951,12.897270017543775,25.461648038146116,12.94135518037883
low00771,output_only,7.120906,52.91365446479502,2019.1244223873439,44.37522625786171,173.02821666666668,25.8522,186.28225274940286,1995.7842992784201,93.4298041342822
low00772,baseline,5.4383907,17.257806520998912,78.27266651972222,28.142209407560934,118.24464583333334,0.0,0.0,0.0,0.0
low00772,minimal,5.565261,18.866837642539107,93.17148317333333,30.776219637648403,129.38019166666666,2.3328621,9.323497279809931,19.03450759513486,9.359642634809592
low00772,balanced,6.9966984,50.86599218455031,1482.4296875660414,55.450109676394774,178.85212083333334,28.653835,194.74193097864267,1793.9302230013031,97.03538152728358
low00772,aggressive,3.642812,60.373802436186935,3138.0390274658153,57.25064585796251,226.79952083333333,-33.01673,249.83473921048684,3909.112206079154,103.43337308328411
low00772,illumination_only,5.6834517,19.5452628484922,97.81226639972226,31.775365548831964,133.41320416666667,4.5061293,13.254617988154882,24.963503543189862,12.909989008520824
low00772,output_only,6.8846226,49.81620218004975,1640.4021954843756,54.081204722034215,176.2082375,26.593012,188.65894468937586,1995.75356049873,92.17114029257519
low00773,baseline,6.2394238,21.040567791741953,100.37819148604163,29.748075739153666,106.76996666666666,0.0,0.0,0.0,0.0
low00773,minimal,6.376756,23.007453408125507,119.38396655555557,32.50897178774737,116.76887916666666,2.2010436,9.34806339758341,18.93416765947297,9.280923152148231
low00773,balanced,7.536101,52.15008546684165,1437.2755701416497,57.55847493899162,164.02296666666666,20.782001,147.8549342537687,1331.860396031855,93.48638024083894
low00773,aggressive,5.199463,58.55436037562779,3335.8979939127594,53.01994629722327,221.92336666666668,-16.66758,178.29268180970536,3223.3294448990373,78.22983497194662
low00773,illumination_only,6.447942,24.09285767621252,129.20369981937498,33.982205121152695,121.98824583333334,3.3419437,14.50668971808136,28.716903449432795,14.233288294429663
low00773,output_only,7.5161695,51.255545693956485,1603.7249107791492,55.619152904644835,161.4712375,20.462559,143.60343409588677,1497.6826111697376,86.96722904816431
low00774,baseline,6.2280407,21.216893229791562,113.63317377159724,26.382377796399883,106.688525,0.0,0.0,0.0,0.0
low00774,minimal,6.3739843,23.196225186246178,135.11546102984374,28.841530685554197,116.670525,2.3433316,9.32903764475446,18.904943464331918,9.321195034550252
low00774,balanced,7.5106897,51.85103462114635,1571.931792128889,52.18910149636185,164.09267083333333,20.594744,144.38561319778927,1283.3388085142046,97.81803558086993
low00774,aggressive,4.8908725,59.401136671170406,3746.5497583333336,48.825416470614144,221.82445416666667,-21.470127,179.97094592417838,3197.0563383751833,85.06829387181628
low00774,illumination_only,6.448841,24.27774022981523,146.21210747770834,30.146228813445624,121.85918333333333,3.5452626,14.426461814521453,28.67026645897859,14.26653444997423
low00774,output_only,7.4987216,51.10517387456136,1759.4378840399997,50.43170862837057,161.18309583333334,20.402578,140.8702033849252,1448.34880136013,91.15679798676994
low00775,baseline,6.361374,30.18118616233988,198.65416775623262,38.69858504708922,106.96002916666667,0.0,0.0,0.0,0.0
low00775,minimal,6.5352077,33.055186345001296,236.88244555493063,42.36496706741458,117.1015375,2.7326462,9.52248916660405,19.243632404233118,9.474201746301674
low00775,balanced,7.6754,67.58125870447542,2528.676554977708,73.14931030106864,160.16995416666666,20.656322,123.91849790451042,1172.9038527299522,89.02321677151525
low00775,aggressive,5.2490993,71.28324114568069,5783.412658315555,68.19379054316074,207.39774166666666,-17.484818,136.18435923047983,2811.2969154577954,76.21778796351641
low00775,illumination_only,6.662577,33.56303016472535,246.02057626248265,43.44651254116872,119.93355833333334,4.7348776,11.205139467332586,23.843652031692116,12.268995076440472
low00775,output_only,7.5344906,66.49112222636641,2832.9455407206774,70.96150021841993,157.86144166666668,18.441246,120.30652429868415,1326.0690186963348,83.369754041582
low00776,baseline,6.3503065,29.614822675983234,218.5203485155555,36.235567525118974,107.05060833333333,0.0,0.0,0.0,0.0
low00776,minimal,6.5262375,32.42933005759408,260.5738098053993,39.671664799160375,117.184125,2.770433,9.503711747338366,19.24464315361012,9.482664433665771
low00776,balanced,7.6723003,66.01851923639758,2727.876992453055,68.80039930512902,160.27374166666667,20.817795,122.92390523052732,1148.340033769839,89.86979921712465
low00776,aggressive,5.2672377,70.94761626894744,6391.906894022068,61.914408497123524,208.42717083333332,-17.055378,139.56792530952384,2825.0854382410325,70.86639654313028
low00776,illumination_only,6.6654086,32.907429506715154,270.88683567317713,40.55464365377607,119.8987375,4.9619985,11.11810415600472,23.964123942395187,11.91943834096997
low00776,output_only,7.495194,65.105025460187,3048.315233660399,66.84478942964353,157.98769166666668,18.028854,119.83932226271708,1294.9800347510443,84.47286463308691
low00777,baseline,6.7519045,31.526361337530947,201.81207001222222,30.758326872557717,94.00182083333333,0.0,0.0,0.0,0.0
low00777,minimal,6.8863716,34.46652208665578,240.6162516165972,33.651670454599916,102.81500833333334,1.9915438,9.326038985744548,19.227879483137407,9.406700156449707
low00777,balanced,7.905811,69.45691776351653,2483.002603786094,57.50878725839642,138.76897916666667,17.090086,120.31377811060831,1130.3538651755157,86.96981632542959
low00777,aggressive,5.5152087,75.45204626558623,6191.342827984009,54.90789558064877,199.18995,-18.316252,139.33001800548232,2967.875389023583,78.51392180124422
low00777,illumination_only,6.957422,35.726425556231945,258.8521306748437,35.01377179432049,107.01487083333333,3.0438418,13.322388123811102,28.26394905872924,13.835098831592951
low00777,output_only,7.8740945,68.07508248329547,2762.2604517299314,55.73676956211308,135.74769583333332,16.620346,115.9306675276054,1268.7290614295976,81.20871721355198
low00778,baseline,6.7573338,31.430209701137578,182.96182309333332,30.995961823642734,93.38542916666667,0.0,0.0,0.0,0.0
low00778,minimal,6.8856072,34.35913046530612,218.07413780826388,33.91159175808225,102.1368375,1.8982855,9.318807580410564,19.191060802350503,9.406483176836181
low00778,balanced,7.9104395,70.25020245767386,2306.4163612460943,59.10016018171214,138.78635,17.064507,123.51172049332921,1160.5997919410404,90.67051546254137
low00778,aggressive,5.5282116,75.64654010957243,5818.422653454931,56.246150516667385,198.51130416666666,-18.189453,140.68099076931864,3080.1293598210436,81.46283324482808
low00778,illumination_only,6.945385,35.69472315200937,235.14143441456596,35.319311886805345,106.4288375,2.7829204,13.56819916704991,28.519398440085798,13.948107459162298
low00778,output_only,7.894025,68.81597860070967,2570.251932322066,57.26294443097229,135.9766,16.821592,118.94851881379257,1304.8023182469694,84.74324093177175
low00779,baseline,6.351735,22.35087279528685,153.96852761456597,57.16226480435158,112.1213375,0.0,0.0,0.0,0.0
low00779,minimal,6.4779015,24.36606299302229,182.4943022415104,62.73862251499854,122.95719166666667,1.9863288,9.016158859623523,18.527016572084047,9.755312756996377
low00779,balanced,7.4116163,49.781789688682984,1702.6639230933336,110.14093076840909,164.32184166666667,16.686483,122.72861621395168,1005.8519227745446,92.68118774752328
low00779,aggressive,5.354327,55.86668982019955,3934.234322662222,112.82189134337486,220.47398333333334,-15.702921,149.95305700983724,2455.2198125261734,97.37127583997702
low00779,illumination_only,6.491847,25.129147164862484,173.30682341659724,64.27038083447212,124.20320416666667,2.2058842,12.430272388116723,12.559901755014119,12.43497970986521
low00779,output_only,7.373853,47.02880697494238,1943.7805686388888,101.64470209308857,155.20511666666667,16.09195,110.41150117797362,1162.4531771225434,77.81783566656492
low00780,baseline,6.359496,22.418459017115023,153.95665924498263,56.95930122223689,111.90054583333334,0.0,0.0,0.0,0.0
low00780,minimal,6.485672,24.441652984602374,182.63140439972221,62.50949750774515,122.71021666666667,1.9840546,9.024679019832611,18.625206142665814,9.744143917519601
low00780,balanced,7.4194856,49.903012369933464,1699.2872011530555,109.84982145862085,164.08125416666667,16.667822,122.5978704951834,1003.7438779761225,92.85668732139489
low00780,aggressive,5.3595133,55.890402690101006,3930.6335295308327,112.5847516548017,220.38952916666668,-15.724246,149.30528296986137,2453.0779563592864,97.65823884589487
low00780,illumination_only,6.4976935,25.198051753100415,173.37250506326387,64.0356830346055,123.9583625,2.1730876,12.398678847031173,12.611241315249567,12.423575536432306
low00780,output_only,7.3803835,47.14144644432608,1939.5719646266664,101.45163006708135,154.94260833333334,16.05296,110.27960221680124,1159.816869330955,78.11249065582756
low00781,baseline,6.3254247,26.174497201391986,395.32966603993054,14.217851046097453,109.9935125,0.0,0.0,0.0,0.0
low00781,minimal,6.4411626,28.637644085201515,475.8872620041495,15.553795122542928,120.7602875,1.8297257,9.410484048108234,20.37732122943745,9.396244707544382
low00781,balanced,7.7268963,62.498981874638474,4844.500828944982,29.58710449101124,156.57431666666668,22.156166,138.7781564389123,1125.4331625230625,108.0982871116263
low00781,aggressive,4.516735,70.50912331700219,12157.375031033056,30.07338657930174,211.34563333333332,-28.593964,169.38100386223445,2975.249867487833,111.51850924444977
low00781,illumination_only,6.638561,29.11244154275624,482.3702080027083,15.820184819201353,122.35432083333333,4.9504356,11.224453783234512,22.017204738180755,11.269873118720799
low00781,output_only,7.5653343,61.72284035835774,5408.690358186389,28.16681851411968,156.10119583333332,19.602,135.8128978885419,1268.146846242518,98.1088310940701
low00782,baseline,6.32948,26.16162163233128,394.99194095826374,14.280006531299636,109.91025833333333,0.0,0.0,0.0,0.0
low00782,minimal,6.446278,28.62638885421805,475.6377864748437,15.620428151314323,120.66402083333334,1.8453004,9.421309032467393,20.417086313439825,9.386701729279215
low00782,balanced,7.7296886,62.54531512982194,4847.761108091597,29.69075033799101,156.22427916666666,22.122013,139.07277617885373,1127.3063334737324,107.91832463741058
low00782,aggressive,4.5182853,70.71004645033838,12233.500311541233,30.168710955562023,211.2187125,-28.615225,170.2815882137554,2997.151876532557,111.26538625480826
low00782,illumination_only,6.6376348,29.108397406170532,482.507707666389,15.895886342106742,122.29233333333333,4.868561,11.263735158517632,22.156342353671594,11.315679774132734
low00782,output_only,7.580008,61.69996895054805,5400.830212464845,28.320201496224556,155.8768375,19.757196,135.84153084110605,1267.3266850362186,98.3206480623865
low00783,baseline,6.325595,26.222176188467092,397.5279161997222,14.215244290470384,109.9079125,0.0,0.0,0.0,0.0
low00783,minimal,6.443654,28.68834973095175,478.03621568326395,15.552293799386627,120.66387916666666,1.8663725,9.404915613256073,20.252237944238747,9.405744154622612
low00783,balanced,7.7351184,62.6926029081227,4868.323762174148,29.426132733963602,156.33793333333332,22.282862,139.08237995783068,1124.6495312113504,107.00405939340976
low00783,aggressive,4.5206466,70.74133435528616,12227.097470595674,30.23899393020968,211.15431666666666,-28.534048,169.77674868342646,2975.783353150135,112.7222952508899
low00783,illumination_only,6.64212,29.17369056470111,484.3791741899999,15.818152385485188,122.24595833333333,5.003877,11.255794923428743,21.84783871798395,11.275979942809437
low00783,output_only,7.580105,61.72025873511185,5408.5891457079,28.10682778564275,155.86282916666667,19.832283,135.37428126296146,1260.5558063475894,97.72314292540865
low00784,baseline,6.66605,27.50667816924949,296.7651707137327,13.796334926793971,96.1674,0.0,0.0,0.0,0.0
low00784,minimal,6.7924747,30.08385476039311,354.1735997899307,15.083722473729097,105.2226625,1.8965473,9.369275981949428,19.344732718508816,9.331373540626938
low00784,balanced,7.8799286,64.14618844583947,3728.725479009983,25.893222903995287,136.33429583333333,18.209864,133.2022356576315,1156.456568013774,87.68189552797718
low00784,aggressive,4.9680657,73.28434311981488,10179.35919881901,31.83787162771301,203.4344625,-25.47212,166.423821404002,3330.1057547748014,130.77050388129118
low00784,illumination_only,6.8566346,30.861167468082854,377.30204991972215,15.598423590323964,108.91158333333334,2.8590343,12.195181396288865,27.138251774052492,13.062082597242131
low00784,output_only,7.8405275,62.74644353679372,4022.9949498832643,25.701806117747754,133.941775,17.618793,128.11348993401822,1255.6156001082581,86.2944488817249
low00785,baseline,6.661577,27.380632566892555,296.53603740234377,13.89228062922206,96.1932125,0.0,0.0,0.0,0.0
low00785,minimal,6.7884474,29.949017582188965,353.96069573039927,15.186868434453,105.25289166666667,1.9045062,9.380298314955613,19.365153332153355,9.31875650789696
low00785,balanced,7.8774996,63.89937760172836,3725.474904163732,26.139344989248666,136.45335833333334,18.25277,133.374365788001,1156.3312495839962,88.15733490342267
low00785,aggressive,4.970163,73.07207511899341,10128.986828705396,32.287533394829566,203.63349583333334,-25.390598,166.87504366626254,3315.769266169245,132.41348383730138
low00785,illumination_only,6.8512983,30.716013998763287,376.9021957728994,15.697349401201082,108.92416666666666,2.8479908,12.181535337878673,27.101649794258847,12.993322120070804
low00785,output_only,7.841249,62.58496343859947,4027.971137315815,25.88033999716784,134.02085,17.708595,128.57384059955731,1258.3411893545383,86.29295425208443
low00786,baseline,6.666223,27.542545420415976,297.2225204478993,13.921284476607967,96.0596875,0.0,0.0,0.0,0.0
low00786,minimal,6.795098,30.124829847603554,354.915986853316,15.219212164597408,105.10605416666667,1.9332504,9.375620109800938,19.410866417011594,9.323332844540014
low00786,balanced,7.8799877,64.09377162841609,3729.305437293733,26.13948092828216,136.34533333333334,18.207682,132.70823611279747,1154.7183274248057,87.76630110680172
low00786,aggressive,4.967424,73.46583319189558,10167.417052916042,32.10750870364396,203.3060625,-25.483683,166.73581570074808,3320.8097817063995,130.63610802289423
low00786,illumination_only,6.8573546,30.902314580177034,377.9600453016493,15.738389500044745,108.79076666666667,2.8671646,12.198470070491819,27.163999797889694,13.052710951278037
low00786,output_only,7.8402443,62.736531130957154,4029.1607789040104,25.966353704178495,133.94776666666667,17.61149,127.78043994602457,1255.6041355252185,86.52268580395683
low00787,baseline,6.6210556,26.398083542590687,88.33105337901041,33.073496358502446,86.95210833333333,0.0,0.0,0.0,0.0
low00787,minimal,6.7499547,28.85560942479021,105.10249059888888,36.15905083781022,95.095375,1.9468058,9.309485964140347,18.98702277206598,9.329387029002598
low00787,balanced,7.8597574,63.30205122504246,1183.6451550488887,65.45753337203084,132.78342083333334,18.708525,139.7979047339209,1240.0102339662026,97.91537206257055
low00787,aggressive,5.6995564,72.0198863582348,3462.4827422465964,59.24503430776532,200.57838333333333,-13.917708,172.82240486146605,3819.8929592629147,79.1314521621019
low00787,illumination_only,6.817135,30.235539537885973,114.9665195956771,37.85066733899767,99.56594583333333,2.96145,14.536873440467495,30.154136283623124,14.444106328259783
low00787,output_only,7.8539543,62.90469940268937,1349.2993184663887,64.16061969449395,132.435375,18.620878,138.29267492543113,1427.5480896585964,93.9940640052702
low00788,baseline,6.6235056,26.30449023082021,84.35988657359376,34.73614951111631,85.60280416666667,0.0,0.0,0.0,0.0
low00788,minimal,6.7525907,28.75282968757857,100.40106166734375,37.97520229401211,93.62282083333334,1.9488934,9.307686388423942,19.01516911092101,9.324731809607254
low00788,balanced,7.860761,63.00407663146563,1126.1585661766494,68.6141824079727,130.3274375,18.67977,139.51833348074382,1234.9455670429486,97.52961503696517
low00788,aggressive,5.789241,71.62255302854146,3308.8109324441666,61.74039561717413,199.95415416666665,-12.595516,172.28261182808777,3822.2562604533978,77.74104639150026
low00788,illumination_only,6.8178883,30.124483219744473,109.89193229972221,39.76342920933919,98.0579,2.9347398,14.522208776539935,30.265623583852086,14.472760420996137
low00788,output_only,7.858814,62.77628282341135,1290.7136805256769,67.37241154912518,130.29875833333332,18.650368,138.65234517967656,1430.0087908483447,93.95474886347021
low00789,baseline,6.624241,26.297314405150455,85.33605717770833,34.887119480206685,85.8529,0.0,0.0,0.0,0.0
low00789,minimal,6.7530966,28.74527812883621,101.53462414437502,38.14304966618087,93.89449583333334,1.9452147,9.308797415474134,18.982089754784354,9.332757288320833
low00789,balanced,7.8591633,62.914338966831046,1136.3023978374829,68.94670496504283,130.93067083333332,18.642475,139.2424488582339,1231.5618689426751,97.62796697549064
low00789,aggressive,5.778524,71.48341726821401,3343.182923938733,61.87311395752755,200.31090833333334,-12.767002,171.8278230503022,3817.667436845262,77.35231477804136
low00789,illumination_only,6.8185596,30.11568631318485,111.09647386222221,39.93917678092904,98.33889583333334,2.9334497,14.52000705930088,30.18702473078763,14.481153434260039
low00789,output_only,7.854761,62.596133758169735,1298.4084617012325,67.60859309787102,130.9261125,18.57602,138.0324195611016,1421.5238489368658,93.79241996814602
